molecule,crp,intprd,matched_cas,matched_drugid,match_type_ncas
1-HEXADECANOL#ANTHEMIS_NOBILIS#BUTYROSPERMUM_PARKII#CICLOPIROX#GLYCEROL#HYALURONIC_ACID#SALICYLIC_ACID,MEDIMETRIKS_PHARM,LOPROX CREAM KIT,9004-61-9,6807.0; 7103.0; 13469.0; 105492.0,1
2-PROPANOL#BENZOYL_PEROXIDE,LAB_UNKNOWN,2-PROP/BENZ   L.U.,94-36-0,78987.0,1
2-PROPANOL#KETOROLAC#POVIDONE-IODINE,TERRAIN_PHARM,KETOROLAC     TEHR,74103-06-3,3422.0; 55698.0,1
ACACIA_CATECHU#CHONDROITINSULFURIC_ACID#GLUCOSAMINE#HYALURONIC_ACID#SCUTELLARIA,RECKITT_BENCKISER,MOVE FREE ADV PLUS,9004-61-9,6807.0; 7103.0; 13469.0; 105492.0,1
ACETIC_ACID#CALCIUM#FIBRINOGEN#GLYCINE#SODIUM#TRANEXAMIC_ACID,JOHNSON_&_JOHNSON,CROSSEAL,1197-18-8,51370.0,1
ACETYLCYSTEINE#ALLIUM_SATIVUM#ANGELICA_ARCHANGELICA#ASCORBIC_ACID#ASTRAGALUS#ECHINACEA_PURPUREA#ELEUTHEROCOCCUS_SENTICOSUS#EPIMEDIUM_GRANDIFLORUM#FORSYTHIA_SUSPENSA#GLUTAMINE#LONICERA#LYCIUM#LYSINE#MAGNESIUM#MANGANESE#MENTHA_PIPERITA#MORINDA_CITRIFOLIA#PANAX_GINSENG#POTASSIUM#QUERCETIN#RETINOL#RUBUS_FRUTICOSUS#SAMBUCUS_NIGRA#SCHIZONEPETA#SODIUM#VACCINIUM_MACROCARPON#VITAMIN_E#VITEX_AGNUS-CASTUS#ZINC#ZINGIBER_OFFICINALE,IOVATE,GERM MD,56-85-9;616-91-1,69737.0; 69738.0; 95553.0,1
ACETYLCYSTEINE#ANGELICA_POLIMORPHA#ASCORBIC_ACID#ASTRAGALUS#ECHINACEA_PURPUREA#ELEUTHEROCOCCUS_SENTICOSUS#EPIMEDIUM_GRANDIFLORUM#PANAX_GINSENG#STEPHANIA_SINICA#ZINC#ZINGIBER_OFFICINALE,IOVATE,COLD MD,616-91-1,95553.0,1
ACETYLCYSTEINE#ASCORBIC_ACID#CALCIUM_LEVOFOLINATE#CARICA_PAPAYA#COBAMAMIDE#COLECALCIFEROL#FOLIC_ACID#INTRINSIC_FACTOR#LECITHIN#LEVOMEFOLIC_ACID#MAGNESIUM#NICOTINAMIDE#PANTETHINE#PHOSPHATIDYLETHANOLAMINE#THIAMINE,CENTURION_LABS,PURALOR CI,616-91-1;80433-71-2,16915.0; 95553.0,1
ACETYLCYSTEINE#LEVOMEFOLIC_ACID#MECOBALAMIN#SCHIZOCHYTRIUM,ESTEVE,METAFOLBIC PLUS RF,616-91-1,95553.0,1
ACETYLCYSTEINE#PETASITES_OFFICINALIS#PICRORRHIZA_KURROA#ROSMARINUS_OFFICINALIS#SALIX_ALBA#VINPOCETINE,IOVATE,ALLERGY MD,616-91-1,95553.0,1
ACETYLSALICYLIC_ACID#CAFFEINE#CHLORPHENAMINE#PHENYLEPHRINE,BAYER,CORICIDIN D,132-22-9;50-78-2,15574.0; 19460.0; 56276.0; 64893.0; 66158.0; 69798.0; 83624.0; 91390.0; 91711.0,1
ACETYLSALICYLIC_ACID#CAFFEINE#PARACETAMOL#SALICYLAMIDE,GENTEX_PHARMA,LEVACET,103-90-2;50-78-2,15574.0; 19460.0; 48917.0; 56276.0; 64433.0; 64893.0; 68852.0,1
ACETYLSALICYLIC_ACID#DIPYRIDAMOLE,BOEHRINGER_INGEL,ASASANTIN,50-78-2;58-32-2,15574.0; 19460.0; 56276.0; 64893.0,1
ACETYLSALICYLIC_ACID#PHYTOSTEROLS_(UNSPECIFIED),BAYER,BAYER HEART ADVANT,50-78-2,15574.0; 19460.0; 56276.0; 64893.0,1
ACICLOVIR#LIDOCAINE,ALLEGIS_PHARM,LIDOVIR,137-58-6;59277-89-3,12433.0; 15198.0; 23015.0; 44258.0; 44403.0; 53498.0; 54740.0; 87715.0; 87725.0; 90455.0,1
ALOE_BARBADENSIS#BENZOYL_PEROXIDE,MISSION,BP MISS,94-36-0,78987.0,1
ALOE_BARBADENSIS#BENZOYL_PEROXIDE#HAMAMELIS_VIRGINIANA#PANTHENOL#RETINOL,UNIV_MEDICAL_PROD,ACNEFREE SEVERE,94-36-0,78987.0,1
ALOE_BARBADENSIS#BENZOYL_PEROXIDE#SALICYLIC_ACID,WALTMAN_PHARMCEUTI,ZAPZYT ACNE PACK,94-36-0,78987.0,1
ALOE_BARBADENSIS#COLLAGEN#HYALURONIC_ACID#LIDOCAINE,MPM_MEDICAL,REGENECARE HA,137-58-6;9004-61-9,6807.0; 7103.0; 12433.0; 13469.0; 15198.0; 23015.0; 44403.0; 54740.0; 90455.0; 105492.0,1
ALOE_BARBADENSIS#HYALURONIC_ACID#SODIUM,NEILMED_PHARM,NASOGEL NEIL,9004-61-9,6807.0; 7103.0; 13469.0; 105492.0,1
ALOE_BARBADENSIS#HYDROCORTISONE#MENTHOL,WRASER_PHARM,NUZON,50-23-7,48942.0,1
ALOE_BARBADENSIS#HYDROCORTISONE#PRAMOCAINE,NOVUM_PHARMA_LLC,NOVACORT,50-23-7,48942.0,1
ALOE_BARBADENSIS#LIDOCAINE,LAB_UNKNOWN,LIDOCAI/ALOE  L.U.,137-58-6,12433.0; 15198.0; 23015.0; 44403.0; 54740.0; 90455.0,1
ALOE_BARBADENSIS#LIDOCAINE#VITAMIN_E,MPM_MEDICAL,REGENECARE,137-58-6,12433.0; 15198.0; 23015.0; 44403.0; 54740.0; 90455.0,1
ALOGLIPTIN#PIOGLITAZONE,TAKEDA,LIOVEL COMBINATION,111025-46-8;850649-61-5,48279.0; 55177.0; 59795.0,1
ALTHAEA_OFFICINALIS#ARGANIA_SPINOSA#BRASSICA_CAMPESTRIS#BUTYROSPERMUM_PARKII#COCOS_NUCIFERA#DIMETICONE#HELIANTHUS_ANNUUS#HONEY#LIDOCAINE#LINUM_USITATISSIMUM#PRUNUS_AMYGDALUS_(DULCIS)#ROSMARINUS_OFFICINALIS,PURETEK,DERMACINRX PHN PAK,137-58-6,12433.0; 15198.0; 23015.0; 44403.0; 54740.0; 90455.0,1
ALTHAEA_OFFICINALIS#ARGANIA_SPINOSA#BRASSICA_CAMPESTRIS#BUTYROSPERMUM_PARKII#COCOS_NUCIFERA#DIMETICONE#HELIANTHUS_ANNUUS#LIDOCAINE#LINUM_USITATISSIMUM#PRUNUS_AMYGDALUS_(DULCIS)#ROSMARINUS_OFFICINALIS,PURETEK,DERMACINRX ZRM PAK,137-58-6,12433.0; 15198.0; 23015.0; 44403.0; 54740.0; 90455.0,1
ALUMINIUM#DIPHENHYDRAMINE#LIDOCAINE#MAGNESIUM#SIMETICONE,CUTIS_PHARMA,FIRST-MOUTHWASH,137-58-6,12433.0; 15198.0; 23015.0; 44403.0; 54740.0; 90455.0,1
AMIODARONE#GLUCOSE,PHARMEDIUM,AMIODARO/GLUC PRMU,1951-25-3,57749.0,1
AMOXICILLIN#CLARITHROMYCIN#LANSOPRAZOLE,TAKEDA,PREVPAC,26787-78-0;61336-70-7,44279.0; 49017.0,1
AMOXICILLIN#CLARITHROMYCIN#OMEPRAZOLE,CUMBERLAND_PHARMAC,OMECLAMOX-PAK,26787-78-0;61336-70-7;73590-58-6,34063.0; 44279.0; 49017.0,1
ARGATROBAN,NOVARTIS,ARGATROBAN    NOVT,74863-84-6,2565.0; 73449.0,1
ARTICAINE#EPINEPHRINE,PIERREL,ORABLOC,51-43-4,46891.0; 98621.0,1
ASCORBIC_ACID#BETACAROTENE#BIOTIN#CARBONYL_IRON#COLECALCIFEROL#COPPER#CYANOCOBALAMIN#FOLIC_ACID#LYCOPENE#MAGNESIUM#NICOTINAMIDE#PANTOTHENIC_ACID#PICOLINIC_ACID#PYRIDOXINE#RIBOFLAVIN#SELENOMETHIONINE#THIAMINE#THIOCTIC_ACID#VITAMIN_E#XANTOFYL#ZINC,JUBILANT_LIFE_SCIE,CORVITA,65-23-6;68-19-9;83-88-5,73506.0; 85192.0; 98637.0; 98648.0; 109953.0,1
ASCORBIC_ACID#BIOTIN#CARBONYL_IRON#COBALT#COPPER#CYANOCOBALAMIN#DOCUSATE#FOLIC_ACID#INTRINSIC_FACTOR#MOLYBDENUM#VITAMIN_E,PRONOVA,HEMAX PRNO,68-19-9,98637.0; 98648.0,1
ASCORBIC_ACID#BIOTIN#CARBONYL_IRON#COPPER#CYANOCOBALAMIN#DOCUSATE#FOLIC_ACID#IRON_FERROUS#METHYLFOLATE,AVION_PHARMA,FERIVAFA,68-19-9,98637.0; 98648.0,1
ASCORBIC_ACID#BIOTIN#CARBONYL_IRON#COPPER#CYANOCOBALAMIN#DOCUSATE#FOLIC_ACID#VITAMIN_E,JUBILANT_LIFE_SCIE,TL-HEM,68-19-9,98637.0; 98648.0,1
ASCORBIC_ACID#BIOTIN#CARBONYL_IRON#COPPER#CYANOCOBALAMIN#FOLIC_ACID#LYCOPENE#MAGNESIUM#NICOTINAMIDE#PANTOTHENIC_ACID#PICOLINIC_ACID#PYRIDOXINE#RETINOL#RIBOFLAVIN#SELENIUM#THIAMINE#THIOCTIC_ACID#VITAMIN_E#XANTOFYL#ZINC,VERTICAL_PHARM,CORVITE,65-23-6;68-19-9;83-88-5,73506.0; 85192.0; 98637.0; 98648.0; 109953.0,1
ASCORBIC_ACID#CALCIUM#CYANOCOBALAMIN#FOLIC_ACID#IRON_FERROUS#SUCCINIC_ACID,AMAG_PHARM,REPLIVA 21/7,68-19-9,98637.0; 98648.0,1
ASCORBIC_ACID#CALCIUM#CYANOCOBALAMIN#IRON_FERROUS,CENTRIX_PHARMACEUT,MAXARON FORTE,68-19-9,98637.0; 98648.0,1
ASCORBIC_ACID#CALCIUM_LEVOFOLINATE#CYANOCOBALAMIN#DOCUSATE#FOLIC_ACID#IRON_FERROUS#SUCCINIC_ACID#ZINC,AVION_PHARMA,FERIVA 21-7,68-19-9;80433-71-2,16915.0; 98637.0; 98648.0,1
ASCORBIC_ACID#CARBONYL_IRON#CYANOCOBALAMIN#DOCUSATE#FOLIC_ACID,MISSION,FERRALET 90,68-19-9,98637.0; 98648.0,1
ASCORBIC_ACID#CARBONYL_IRON#CYANOCOBALAMIN#DOCUSATE#FOLIC_ACID#IRON_FERROUS,METHOD_PHARMA,FOCALGIN DSS,68-19-9,98637.0; 98648.0,1
ASCORBIC_ACID#COLECALCIFEROL#CYANOCOBALAMIN#FOLIC_ACID#IRON_FERROUS#METHYLFOLATE#PYRIDOXINE,CARWIN_ASSOCIATES,NUFERA,65-23-6;68-19-9,85192.0; 98637.0; 98648.0; 109953.0,1
ASCORBIC_ACID#COPPER#FOLIC_ACID#MAGNESIUM#NICOTINAMIDE#PYRIDOXINE#THIOCTIC_ACID#ZINC,MEDIMETRIKS_PHARM,NICADAN,65-23-6,85192.0; 109953.0,1
ASCORBIC_ACID#CYANOCOBALAMIN#DOCUSATE#FOLIC_ACID#IRON_FERROUS,VIRTUS_PHARMA,NATALVIRT,68-19-9,98637.0; 98648.0,1
ASCORBIC_ACID#CYANOCOBALAMIN#DOCUSATE#FOLIC_ACID#IRON_FERROUS#MAGNESIUM#ZINC,PRONOVA,MAXFE,68-19-9,98637.0; 98648.0,1
ASCORBIC_ACID#CYANOCOBALAMIN#DOCUSATE#FOLIC_ACID#IRON_FERROUS#SUCCINIC_ACID#THREONINE#ZINC,AMAG_PHARM,NIFEREX GOLD,68-19-9,98637.0; 98648.0,1
ASCORBIC_ACID#CYANOCOBALAMIN#FOLIC_ACID#INTRINSIC_FACTOR#IRON_DEXTRAN#IRON_FERROUS#LEVOMEFOLIC_ACID#SUCCINIC_ACID#ZINC,AVION_PHARMA,NIFEREX GOLD,68-19-9,98637.0; 98648.0,1
ASCORBIC_ACID#DEXTROMETHORPHAN#DOXYLAMINE#PARACETAMOL,PROCTER_&_GAMBLE,DAYQUIL PLUS VIT C,103-90-2;125-71-3;469-21-6,6018.0; 48917.0; 64433.0; 68852.0; 85192.0; 109953.0,1
ATROPA_BELLADONNA#BISMUTH#EPHEDRINE#HYDROCORTISONE,ACINO_PRODUCTS,RECTACORT,50-23-7,48942.0,1
ATROPA_BELLADONNA#CHLORPHENAMINE#PSEUDOEPHEDRINE,RESPA_PHARMACEUTIC,RESPA A.R.,132-22-9;90-82-4,13110.0; 66158.0; 69798.0; 83624.0; 91390.0; 91396.0; 91711.0,1
ATROPINE#BENZOIC_ACID#HYOSCYAMINE#METHENAMINE#METHYLENE_BLUE,PERNIX,MHP-A,61-73-4,74759.0; 81075.0,1
ATROPINE#CHLORPHENAMINE#HYOSCYAMINE#PHENYLEPHRINE#SCOPOLAMINE,ESTEVE,HISTACOL LA,132-22-9,66158.0; 69798.0; 83624.0; 91390.0; 91711.0,1
ATROPINE#EPHEDRINE#PARACETAMOL,DOVER_PHARM,DYSPEL,103-90-2,48917.0; 64433.0; 68852.0,1
AZELAIC_ACID#CERAMIDE#HYALURONIC_ACID,BAYER,FINACEA PLUS,9004-61-9,6807.0; 7103.0; 13469.0; 105492.0,1
AZELAIC_ACID#COPPER#CURCUMIN#DOXYCYCLINE#FOLIC_ACID#NICOTINAMIDE#PYRIDOXINE#QUERCETIN#ZINC,ELORAC,NICAZELDOXY,24390-14-5;564-25-0;65-23-6,10198.0; 14440.0; 46927.0; 48140.0; 74224.0; 85192.0; 92069.0; 96277.0; 109953.0,1
AZELAIC_ACID#COPPER#CURCUMIN#FOLIC_ACID#NICOTINAMIDE#PYRIDOXINE#QUERCETIN#ZINC,ELORAC,NICAZEL FORTE,65-23-6,85192.0; 109953.0,1
AZELAIC_ACID#COPPER#FOLIC_ACID#NICOTINAMIDE#PYRIDOXINE#ZINC,ELORAC,NICAZEL,65-23-6,85192.0; 109953.0,1
B>-SITOSTEROL#BRASSICA_CAMPESTRIS#CALCIUM#CAMPESTEROL#COLECALCIFEROL#CUCURBITA_PEPO#CYANOCOBALAMIN#FOLIC_ACID#LYCOPENE#MAGNESIUM#PHYTOSTEROLS_(UNSPECIFIED)#PYGEUM_AFRICANUM#SELENIUM#SERENOA_REPENS#STIGMASTEROL#URTICA_DIOICA#VITAMIN_E#ZINC,DSE_HEALTHCARE,URINOZINC PLUS,68-19-9,98637.0; 98648.0,1
BENZOCAINE#DEXTROMETHORPHAN,PROCTER_&_GAMBLE,VICKS SILENCERS,125-71-3,6018.0,1
BENZOCAINE#DEXTROMETHORPHAN#MENTHOL,PRESTIGE_BRANDS,CHLORASE.SO.TH.COU,125-71-3,6018.0,1
BENZOCAINE#LIDOCAINE,LAB_UNKNOWN,BENZOC/LIDOC  L.U.,137-58-6,12433.0; 15198.0; 23015.0; 44403.0; 54740.0; 90455.0,1
BENZOIC_ACID#HYOSCYAMINE#METHENAMINE#METHYLENE_BLUE#SALICYLIC_ACID,MISSION,HYOPHEN MISS,61-73-4,74759.0; 81075.0,1
BENZOIC_ACID#METHENAMINE#METHYLENE_BLUE#SALICYLIC_ACID#SCOPOLAMINE,RIVERS_EDGE,METHYLPHEN,61-73-4,74759.0; 81075.0,1
BENZOYL_PEROXIDE#CLINDAMYCIN#HYALURONIC_ACID,VALEANT_PHARMA,BENZACLIN,18323-44-9;9004-61-9;94-36-0,6807.0; 7103.0; 13469.0; 44370.0; 46999.0; 62738.0; 78987.0; 105492.0,1
BENZOYL_PEROXIDE#SALICYLIC_ACID,INNOCUTIS,INOVA,94-36-0,78987.0,1
BENZOYL_PEROXIDE#UREA,NOVARTIS,ZODERM,94-36-0,78987.0,1
BENZYL_BENZOATE#BISMUTH#HYDROCORTISONE#PERU_BALSAM#ZINC,LAB_UNKNOWN,HEMORRHOID HC L.U.,50-23-7,48942.0,1
BETAINE#CALCIUM_FOLINATE#COBAMAMIDE#COCARBOXYLASE#DOCONEXENT#FLAVIN-ADENINE_DINUCLEOTIDE#FOLIC_ACID#ICOSAPENT#IRON_FERROUS#LEVOMEFOLIC_ACID#MAGNESIUM#NADIDE#PHOSPHATIDYL_SERINE#PYRIDOXAL_5-PHOSPHATE#ZINC,JAYMAC_PHARMA,ENBRACE HR,10417-94-4;6217-54-5,70004.0,1
BETAINE#CALCIUM_FOLINATE#COBAMAMIDE#COCARBOXYLASE#DOCONEXENT#FLAVIN-ADENINE_DINUCLEOTIDE#FOLIC_ACID#ICOSAPENT#IRON_FERROUS#MAGNESIUM#METHYLFOLATE#NADIDE#PHOSPHATIDYL_SERINE#PYRIDOXAL_5-PHOSPHATE#ZINC,JAYMAC_PHARMA,ENBRACE HR,10417-94-4;6217-54-5,70004.0,1
BEXAROTENE,BAUSCH_HEALTH,TARGRETIN,153559-49-0,6600.0; 44237.0,1
BROMELAINS#CAMELLIA_SINENSIS#CURCUMA_LONGA#DIMETHYL_SULFONE#FALLOPIA_JAPONICA#FATTY_ACID_(UNSPECIFIED)#HYALURONIC_ACID#THIOCTIC_ACID,IOVATE,JOINT MD,9004-61-9,6807.0; 7103.0; 13469.0; 105492.0,1
BROMFENAC,SUN_PHARMA,MEGABROM,91714-94-2,2687.0; 54389.0; 55486.0; 63890.0,1
BROMPHENIRAMINE#CHLORPHENAMINE#PHENYLEPHRINE#PSEUDOEPHEDRINE#SCOPOLAMINE_METHYL_HYDROXIDE,MELDEX_INTERNAT.,SYMPAK II,132-22-9;90-82-4,13110.0; 66158.0; 69798.0; 83624.0; 91390.0; 91396.0; 91711.0,1
BROMPHENIRAMINE#CLOFEDANOL#PSEUDOEPHEDRINE,CENTRIX_PHARMACEUT,DICEL CD,90-82-4,13110.0; 91390.0; 91396.0,1
BROMPHENIRAMINE#CODEINE,MCR/AMERICAN_PHARM,BROVEX CB,76-57-3,66158.0; 91711.0,1
BROMPHENIRAMINE#CODEINE#PHENYLEPHRINE,MCR/AMERICAN_PHARM,BROVEX PB C,76-57-3,66158.0; 91711.0,1
BROMPHENIRAMINE#CODEINE#PSEUDOEPHEDRINE,JAYMAC_PHARMA,J-COF DHC,76-57-3;90-82-4,13110.0; 66158.0; 91390.0; 91396.0; 91711.0,1
BROMPHENIRAMINE#DEXTROMETHORPHAN#GUAIFENESIN#PHENYLEPHRINE,PERNIX,BROMHIST-PDX,125-71-3,6018.0,1
BROMPHENIRAMINE#DEXTROMETHORPHAN#GUAIFENESIN#PSEUDOEPHEDRINE,TAKEDA,UNI-HIST DM,125-71-3;90-82-4,6018.0; 13110.0; 91390.0; 91396.0,1
BROMPHENIRAMINE#DEXTROMETHORPHAN#PHENYLEPHRINE,BALLAY_PHARM,ALACOL DM,125-71-3,6018.0,1
BROMPHENIRAMINE#DIHYDROCODEINE#PSEUDOEPHEDRINE,VISION_PHARM,VISVEX HC,90-82-4,13110.0; 91390.0; 91396.0,1
BROMPHENIRAMINE#HYDROCODONE#PHENYLEPHRINE,WRASER_PHARM,FLUTUSS HC,125-29-1,59692.0; 66538.0; 69798.0; 83624.0; 91390.0; 91396.0,1
BROMPHENIRAMINE#HYDROCODONE#PSEUDOEPHEDRINE,PERNIX,DROCON-CS,125-29-1;90-82-4,13110.0; 59692.0; 66538.0; 69798.0; 83624.0; 91390.0; 91396.0,1
BROMPHENIRAMINE#PENTOXYVERINE#PSEUDOEPHEDRINE,CAPELLON,TREXBROM,90-82-4,13110.0; 91390.0; 91396.0,1
BUPIVACAINE#FENTANYL,BAXTER_INT,FENT/BUPI/SOD BAXT,38396-39-3;437-38-7,5254.0; 10298.0; 12846.0; 14658.0; 31134.0; 44699.0; 55195.0; 56472.0; 58903.0,1
BUPIVACAINE#LIDOCAINE,AMPHASTAR,DUOCAINE,137-58-6;38396-39-3,12433.0; 14658.0; 15198.0; 23015.0; 44403.0; 54740.0; 90455.0,1
BUPIVACAINE#SODIUM,PHARMEDIUM,BUPIVACA/SOD  PRMU,38396-39-3,14658.0,1
BUPRENORPHINE#NALOXONE,INDIVIOR,SUBOXONE,465-65-6;52485-79-7,2695.0; 31115.0; 33497.0; 56687.0; 57557.0; 64940.0; 66004.0; 70447.0; 75426.0; 82591.0; 91856.0,1
BUTALAMINE#CAFFEINE#PARACETAMOL,VALEANT_PHARMA,ORBIVAN,103-90-2,48917.0; 64433.0; 68852.0,1
CAFFEINE#CHROMIUM#CYANOCOBALAMIN#EPIGALLOCATECHIN_GALLATE#NICOTINAMIDE#PANAX_GINSENG#PANTOTHENIC_ACID#PYRIDOXINE#RIBOFLAVIN#THIAMINE,NVE_PHARMACEUTICAL,DEXATRIM MAX,65-23-6;68-19-9;83-88-5,73506.0; 85192.0; 98637.0; 98648.0; 109953.0,1
CAFFEINE#MAGNESIUM#PARACETAMOL#PHENYLTOLOXAMINE,ESTEVE,COMBIFLEX ES,103-90-2,48917.0; 64433.0; 68852.0,1
CAFFEINE#PARACETAMOL#PHENYLEPHRINE,MEDIQUE,MEDI-GRAINE,103-90-2,48917.0; 64433.0; 68852.0,1
CAFFEINE#PARACETAMOL#PHENYLTOLOXAMINE#SALICYLAMIDE,POLY_PHARM,DURABAC,103-90-2,48917.0; 64433.0; 68852.0,1
CAFFEINE#PARACETAMOL#PHENYLTOLOXAMINE#SALICYLIC_ACID,POLY_PHARM,DURABAC FORTE,103-90-2,48917.0; 64433.0; 68852.0,1
CAFFEINE#PARACETAMOL#SALICYLIC_ACID,AMCO,ARTHRITIN PLUS,103-90-2,48917.0; 64433.0; 68852.0,1
CAMELLIA_SINENSIS#LIDOCAINE,C.C.A._INDUSTRIES,SCAR ZONE BURN GEL,137-58-6,12433.0; 15198.0; 23015.0; 44403.0; 54740.0; 90455.0,1
CAPSAICIN#LIDOCAINE,RODLEN_LABORATORIE,AXSAIN RODL,137-58-6,12433.0; 15198.0; 23015.0; 44403.0; 54740.0; 90455.0,1
CAPSAICIN#LIDOCAINE#MENTHOL#SALICYLIC_ACID,ALEXSO_INC,TEROCIN,137-58-6,12433.0; 15198.0; 23015.0; 44403.0; 54740.0; 90455.0,1
CAPTOPRIL#HYDROCHLOROTHIAZIDE,ENDO_INTERNATIONAL,CAPOZIDE,58-93-5,54363.0; 70341.0; 80291.0,1
CARBIDOPA,BAUSCH_HEALTH,LODOSYN,28860-95-9,44388.0; 58997.0; 60718.0; 60977.0; 94517.0,1
CARBINOXAMINE#DEXTROMETHORPHAN#PHENYLEPHRINE,PALM_PHARM,DMAX,125-71-3;486-16-8,6018.0; 79309.0,1
CARBINOXAMINE#DEXTROMETHORPHAN#PSEUDOEPHEDRINE,ENDO_HEALTH_SOLUT.,CARDEC DM,125-71-3;486-16-8;90-82-4,6018.0; 13110.0; 79309.0; 91390.0; 91396.0,1
CARBINOXAMINE#HYDROCODONE#PHENYLEPHRINE,PALM_PHARM,MAX HC,125-29-1;486-16-8,59692.0; 66538.0; 69798.0; 79309.0; 83624.0; 91390.0; 91396.0,1
CARBINOXAMINE#PENTOXYVERINE#PHENYLEPHRINE,GENTEX_PHARMA,ARIDEX,486-16-8,79309.0,1
CARBINOXAMINE#PHENYLEPHRINE,PERNIX,CORDRON-D NR,486-16-8,79309.0,1
CARTEOLOL,ABBOTT,CARTROL,51781-06-7,13484.0,1
CEFEPIME#GLUCOSE,BRAUN-MELSUNGEN,CEFEPIME/GLUC BRAU,88040-23-7,2736.0,1
CERAMIDE#HYALURONIC_ACID,VALEANT_PHARMA,CERAVE,9004-61-9,6807.0; 7103.0; 13469.0; 105492.0,1
CETIRIZINE,JOHNSON_&_JOHNSON,ZYRTEC J.J.,83881-51-0,2752.0; 13110.0; 70991.0,1
CETIRIZINE#PSEUDOEPHEDRINE,JOHNSON_&_JOHNSON,ZYRTEC DUO,83881-51-0;90-82-4,2752.0; 13110.0; 70991.0; 91390.0; 91396.0,1
CHERRY#CHLORPHENAMINE#PHENYLPROPANOLAMINE,NOVARTIS,TRIAMINIC,132-22-9,66158.0; 69798.0; 83624.0; 91390.0; 91711.0,1
CHLORCYCLIZINE#CLOFEDANOL#PSEUDOEPHEDRINE,PERNIX,BICLORA-D,90-82-4,13110.0; 91390.0; 91396.0,1
CHLORCYCLIZINE#CODEINE,STEWART_JACKSON,NOTUSS-NX,76-57-3,66158.0; 91711.0,1
CHLORCYCLIZINE#CODEINE#PHENYLEPHRINE,PERNIX,NASOTUSS,76-57-3,66158.0; 91711.0,1
CHLORCYCLIZINE#CODEINE#PSEUDOEPHEDRINE,STEWART_JACKSON,NOTUSS-NXD,76-57-3;90-82-4,13110.0; 66158.0; 91390.0; 91396.0; 91711.0,1
CHLORPHENAMINE#CLOFEDANOL#PHENYLEPHRINE,JAYMAC_PHARMA,DRYMAX AF,132-22-9,66158.0; 69798.0; 83624.0; 91390.0; 91711.0,1
CHLORPHENAMINE#CLOFEDANOL#PSEUDOEPHEDRINE,JAYMAC_PHARMA,DRYMAX AF,132-22-9;90-82-4,13110.0; 66158.0; 69798.0; 83624.0; 91390.0; 91396.0; 91711.0,1
CHLORPHENAMINE#CODEINE#PARACETAMOL,MCR/AMERICAN_PHARM,COTABFLU,103-90-2;132-22-9;76-57-3,48917.0; 64433.0; 66158.0; 68852.0; 69798.0; 83624.0; 91390.0; 91711.0,1
CHLORPHENAMINE#CODEINE#PHENYLEPHRINE,CAPITAL_PHARM,CAPCOF,132-22-9;76-57-3,66158.0; 69798.0; 83624.0; 91390.0; 91711.0,1
CHLORPHENAMINE#DEXTROMETHORPHAN#GUAIFENESIN#PARACETAMOL,BAYER,CORICIDIN HBP D/N,103-90-2;125-71-3;132-22-9,6018.0; 48917.0; 64433.0; 66158.0; 68852.0; 69798.0; 83624.0; 91390.0; 91711.0,1
CHLORPHENAMINE#DEXTROMETHORPHAN#GUAIFENESIN#PHENYLEPHRINE#SCOPOLAMINE_METHYL_HYDROXIDE,MELDEX_INTERNAT.,SYMPAK DM,125-71-3;132-22-9,6018.0; 66158.0; 69798.0; 83624.0; 91390.0; 91711.0,1
CHLORPHENAMINE#DEXTROMETHORPHAN#PARACETAMOL,BAYER,CORICIDIN HBP MAX,103-90-2;125-71-3;132-22-9,6018.0; 48917.0; 64433.0; 66158.0; 68852.0; 69798.0; 83624.0; 91390.0; 91711.0,1
CHLORPHENAMINE#DEXTROMETHORPHAN#SCOPOLAMINE_METHYL_HYDROXIDE,AURIGA_LABORATORIE,EXTENDRYL DM,125-71-3;132-22-9,6018.0; 66158.0; 69798.0; 83624.0; 91390.0; 91711.0,1
CHLORPHENAMINE#DIHYDROCODEINE#PSEUDOEPHEDRINE,KV_PHARM,HYDRO-TUSSIN DHC,132-22-9;90-82-4,13110.0; 66158.0; 69798.0; 83624.0; 91390.0; 91396.0; 91711.0,1
CHLORPHENAMINE#DIPHENHYDRAMINE#PSEUDOEPHEDRINE,WOCKHARDT,C-PHED DPD TANNATE,132-22-9;90-82-4,13110.0; 66158.0; 69798.0; 83624.0; 91390.0; 91396.0; 91711.0,1
CHLORPHENAMINE#GUAIFENESIN#HYDROCODONE#PSEUDOEPHEDRINE,MAGNA_PHARM,ZTUSS,125-29-1;132-22-9;90-82-4,13110.0; 59692.0; 66158.0; 66538.0; 69798.0; 83624.0; 91390.0; 91396.0; 91711.0,1
CHLORPHENAMINE#GUAIFENESIN#PHENYLEPHRINE#SCOPOLAMINE_METHYL_HYDROXIDE,MELDEX_INTERNAT.,SYMPAK,132-22-9,66158.0; 69798.0; 83624.0; 91390.0; 91711.0,1
CHLORPHENAMINE#HYDROCODONE#PSEUDOEPHEDRINE,PFIZER,TUSSEND,125-29-1;132-22-9;90-82-4,13110.0; 59692.0; 66158.0; 66538.0; 69798.0; 83624.0; 91390.0; 91396.0; 91711.0,1
CHLORPHENAMINE#IBUPROFEN#PHENYLEPHRINE,PFIZER,ADVIL ALRGY CNGSTN,132-22-9;15687-27-1,57598.0; 66158.0; 69798.0; 83624.0; 91390.0; 91711.0,1
CHLORPHENAMINE#IBUPROFEN#PSEUDOEPHEDRINE,PFIZER,ADVIL ALRGY SINUS,132-22-9;15687-27-1;90-82-4,13110.0; 57598.0; 66158.0; 69798.0; 83624.0; 91390.0; 91396.0; 91711.0,1
CHLORPHENAMINE#MENTHOL#PHENYLPROPANOLAMINE,NOVARTIS,TRIAMINIC,132-22-9,66158.0; 69798.0; 83624.0; 91390.0; 91711.0,1
CHLORPHENAMINE#PENTOXYVERINE,ESTEVE,TRIONATE,132-22-9,66158.0; 69798.0; 83624.0; 91390.0; 91711.0,1
CHLORPHENAMINE#PENTOXYVERINE#PHENYLEPHRINE,MEDA,TUSSI-12,132-22-9,66158.0; 69798.0; 83624.0; 91390.0; 91711.0,1
CHLORPHENAMINE#PHENYLEPHRINE#PSEUDOEPHEDRINE#SCOPOLAMINE_METHYL_HYDROXIDE,CHIESI,ALLERX 10,132-22-9;90-82-4,13110.0; 66158.0; 69798.0; 83624.0; 91390.0; 91396.0; 91711.0,1
CHLORPHENAMINE#PHENYLEPHRINE#SCOPOLAMINE_METHYL_HYDROXIDE,AURIGA_LABORATORIE,EXTENDRYL,132-22-9,66158.0; 69798.0; 83624.0; 91390.0; 91711.0,1
CHLORPHENAMINE#PSEUDOEPHEDRINE#SCOPOLAMINE,CAPELLON,RESCON MX,132-22-9;90-82-4,13110.0; 66158.0; 69798.0; 83624.0; 91390.0; 91396.0; 91711.0,1
CHONDROITINSULFURIC_ACID#COLECALCIFEROL#COLLAGEN#FISH#GELATIN#GLUCOSAMINE#HYALURONIC_ACID#LECITHIN#MELATONIN#RIBOFLAVIN,ICELAND_HEALTH,JOINT R/SLEEP ICEL,83-88-5;9004-61-9,6807.0; 7103.0; 13469.0; 73506.0; 105492.0,1
CHONDROITINSULFURIC_ACID#COLLAGEN#DOCONEXENT#FISH#GLUCOSAMINE#HYALURONIC_ACID#ICOSAPENT,ICELAND_HEALTH,JOINT RELIEF  ICEL,10417-94-4;6217-54-5;9004-61-9,6807.0; 7103.0; 13469.0; 70004.0; 105492.0,1
CHONDROITINSULFURIC_ACID#DIMETHYL_SULFONE#FISH#GLUCOSAMINE#HYALURONIC_ACID,VITAL_BASICS,FLEXO FACTOR,9004-61-9,6807.0; 7103.0; 13469.0; 105492.0,1
CHONDROITINSULFURIC_ACID#DIMETHYL_SULFONE#GLUCOSAMINE#HYALURONIC_ACID,GENERAL_NUTRITION,TRIFLEX FA,9004-61-9,6807.0; 7103.0; 13469.0; 105492.0,1
CHONDROITINSULFURIC_ACID#GLUCOSAMINE#HYALURONIC_ACID,TWIN_LABS,TRIGOSAMINE,9004-61-9,6807.0; 7103.0; 13469.0; 105492.0,1
CIPROFLOXACIN#HYDROCORTISONE,NOVARTIS,CIPRO HC,50-23-7;85721-33-1,32696.0; 35108.0; 48942.0; 65653.0,1
CITRIC_ACID#PARACETAMOL#SODIUM,NUMARK_LABS,BROMO SELTZER,103-90-2,48917.0; 64433.0; 68852.0,1
CLINDAMYCIN#GLUCOSE,NOVARTIS,CLINDAM/GLUC  NOVT,18323-44-9,44370.0; 46999.0; 62738.0,1
CLOFEDANOL#DEXBROMPHENIRAMINE#PSEUDOEPHEDRINE,"MCNEIL,R.A.",CHLO TUSS,90-82-4,13110.0; 91390.0; 91396.0,1
CLOFEDANOL#DEXCHLORPHENIRAMINE#PSEUDOEPHEDRINE,G._M._PHARM,VANACOF,90-82-4,13110.0; 91390.0; 91396.0,1
CLOFEDANOL#GUAIFENESIN#PSEUDOEPHEDRINE,G._M._PHARM,VANACOF DX,90-82-4,13110.0; 91390.0; 91396.0,1
CLOFEDANOL#MEPYRAMINE#PARACETAMOL,CENTURION_LABS,NINJACOF-A,103-90-2,48917.0; 64433.0; 68852.0,1
CLOFEDANOL#MEPYRAMINE#PSEUDOEPHEDRINE,CENTURION_LABS,NINJACOF-D,90-82-4,13110.0; 91390.0; 91396.0,1
CLOFEDANOL#PSEUDOEPHEDRINE,CENTRIX_PHARMACEUT,CLOFERA,90-82-4,13110.0; 91390.0; 91396.0,1
CODEINE#DEXBROMPHENIRAMINE#PSEUDOEPHEDRINE,"MCNEIL,R.A.",M-END MAX D,76-57-3;90-82-4,13110.0; 66158.0; 91390.0; 91396.0; 91711.0,1
CODEINE#DEXCHLORPHENIRAMINE#PHENYLEPHRINE,G._M._PHARM,VANACOF CD,76-57-3,66158.0; 91711.0,1
CODEINE#DEXTROMETHORPHAN#GUAIFENESIN#PHENYLEPHRINE,ESTEVE,QUARTUSS,125-71-3;76-57-3,6018.0; 66158.0; 91711.0,1
CODEINE#DEXTROMETHORPHAN#PARACETAMOL#PSEUDOEPHEDRINE,NOVARTIS,THERAFLU FLU/CONG,103-90-2;125-71-3;76-57-3;90-82-4,6018.0; 13110.0; 48917.0; 64433.0; 66158.0; 68852.0; 91390.0; 91396.0; 91711.0,1
CODEINE#DEXTROMETHORPHAN#PSEUDOEPHEDRINE,ACELLA_PHARM,ENTRE-S,125-71-3;76-57-3;90-82-4,6018.0; 13110.0; 66158.0; 91390.0; 91396.0; 91711.0,1
CODEINE#DIPHENHYDRAMINE#PHENYLEPHRINE,CENTURION_LABS,AIRACOF,76-57-3,66158.0; 91711.0,1
CODEINE#GUAIFENESIN#PARACETAMOL#PHENYLEPHRINE,MCR/AMERICAN_PHARM,PHENFLU CD,103-90-2;76-57-3,48917.0; 64433.0; 66158.0; 68852.0; 91711.0,1
CODEINE#GUAIFENESIN#PARACETAMOL#PSEUDOEPHEDRINE,MCR/AMERICAN_PHARM,MAXIFLU CD,103-90-2;76-57-3;90-82-4,13110.0; 48917.0; 64433.0; 66158.0; 68852.0; 91390.0; 91396.0; 91711.0,1
CODEINE#HYDROCODONE#PSEUDOEPHEDRINE,STEWART_JACKSON,NOTUSS UNSP,125-29-1;76-57-3;90-82-4,13110.0; 59692.0; 66158.0; 66538.0; 69798.0; 83624.0; 91390.0; 91396.0; 91711.0,1
CODEINE#IBUPROFEN,PFIZER,ADVIL CHILDRENS CD,15687-27-1;76-57-3,57598.0; 66158.0; 91711.0,1
CODEINE#MEPYRAMINE#PHENYLEPHRINE,SHIONOGI_SEIYAKU,CODIMAL PH,76-57-3,66158.0; 91711.0,1
CODEINE#MEPYRAMINE#PSEUDOEPHEDRINE,LASER_INC,NEO AC,76-57-3;90-82-4,13110.0; 66158.0; 91390.0; 91396.0; 91711.0,1
CODEINE#PHENYLEPHRINE#TRIPROLIDINE,ALLEGIS_PHARM,HISTEX-AC,76-57-3,66158.0; 91711.0,1
COLECALCIFEROL#CYANOCOBALAMIN#FOLIC_ACID#IODINE#IRON_FERROUS#LEVOMEFOLIC_ACID#PYRIDOXINE,INSUD_PHARMA,VITAFOL-NANO,65-23-6;68-19-9,85192.0; 98637.0; 98648.0; 109953.0,1
COLEUS_FORSKOHLII#HYDROCORTISONE#LIDOCAINE,AVION_PHARMA,ANA-LEX,137-58-6;50-23-7,12433.0; 15198.0; 23015.0; 44403.0; 48942.0; 54740.0; 90455.0,1
COLISTIN#HYDROCORTISONE#NEOMYCIN#THONZYLAMINE,ENDO_INTERNATIONAL,CORTISPORIN-TC,50-23-7,48942.0,1
CYANOCOBALAMIN#ELETTARIA_CARDAMOMUM#GARDENIA#HUMULUS_LUPULUS#LAVANDULA_ANGUSTIFOLIA#MELATONIN#ORIGANUM_VULGARE#PASSIFLORA_INCARNATA#THEANINE#VIOLA_ODORATA,IOVATE,SLEEP FAST,68-19-9,98637.0; 98648.0,1
CYANOCOBALAMIN#METHYLFOLATE#PYRIDOXINE,ESTEVE,FOLBIC RF,65-23-6;68-19-9,85192.0; 98637.0; 98648.0; 109953.0,1
CYANOCOBALAMIN#METHYLFOLATE#PYRIDOXINE#RIBOFLAVIN,ALFASIGMA,CEREFOLIN,65-23-6;68-19-9;83-88-5,73506.0; 85192.0; 98637.0; 98648.0; 109953.0,1
DASABUVIR#OMBITASVIR#PARITAPREVIR#RITONAVIR,ABBVIE,VIEKIRA PAK,1132935-63-7;1216941-48-8;1258226-87-7;155213-67-5,60861.0; 100124.0,1
DEXBROMPHENIRAMINE#DEXTROMETHORPHAN#GUAIFENESIN#PSEUDOEPHEDRINE,DAYTON_LABS,DEKA DAYT,125-71-3;90-82-4,6018.0; 13110.0; 91390.0; 91396.0,1
DEXBROMPHENIRAMINE#DEXTROMETHORPHAN#MEPYRAMINE#PHENYLEPHRINE,POLY_PHARM,POLY TAN DM,125-71-3,6018.0,1
DEXBROMPHENIRAMINE#DEXTROMETHORPHAN#PHENYLEPHRINE,LARKEN_LABS,Y-COF,125-71-3,6018.0,1
DEXBROMPHENIRAMINE#DEXTROMETHORPHAN#PSEUDOEPHEDRINE,"MCNEIL,R.A.",M-END DMX,125-71-3;90-82-4,6018.0; 13110.0; 91390.0; 91396.0,1
DEXBROMPHENIRAMINE#HYDROCODONE#PSEUDOEPHEDRINE,BRIGHTON_PHARM,DXBPM/HYCD/PE BGHP,125-29-1;90-82-4,13110.0; 59692.0; 66538.0; 69798.0; 83624.0; 91390.0; 91396.0,1
DEXCHLORPHENIRAMINE#DEXTROMETHORPHAN#MEPYRAMINE#PHENYLEPHRINE,KOWA,PROHIST PREB,125-71-3,6018.0,1
DEXCHLORPHENIRAMINE#DEXTROMETHORPHAN#PSEUDOEPHEDRINE,SHIONOGI_SEIYAKU,TANAFED DMX,125-71-3;90-82-4,6018.0; 13110.0; 91390.0; 91396.0,1
DEXCHLORPHENIRAMINE#HYDROCODONE#PHENYLEPHRINE,PERNIX,HYDEX PD,125-29-1,59692.0; 66538.0; 69798.0; 83624.0; 91390.0; 91396.0,1
DEXCHLORPHENIRAMINE#PSEUDOEPHEDRINE,SHIONOGI_SEIYAKU,TANAFED DP,90-82-4,13110.0; 91390.0; 91396.0,1
DEXCHLORPHENIRAMINE#PSEUDOEPHEDRINE#SCOPOLAMINE_METHYL_HYDROXIDE,KOWA,DURAHIST D,90-82-4,13110.0; 91390.0; 91396.0,1
DEXTRANOMER#HYALURONIC_ACID,BAUSCH_HEALTH,SOLESTA,9004-61-9,6807.0; 7103.0; 13469.0; 105492.0,1
DEXTROMETHORPHAN#DIPHENHYDRAMINE#GUAIFENESIN#PARACETAMOL#PHENYLEPHRINE,JOHNSON_&_JOHNSON,SUDAFED PE DAY/NIG,103-90-2;125-71-3,6018.0; 48917.0; 64433.0; 68852.0,1
DEXTROMETHORPHAN#DIPHENHYDRAMINE#PARACETAMOL,AKORN,DIABETIC TUSSIN NT,103-90-2;125-71-3,6018.0; 48917.0; 64433.0; 68852.0,1
DEXTROMETHORPHAN#DIPHENHYDRAMINE#PARACETAMOL#PHENYLEPHRINE,LAB_UNKNOWN,PE/APAP/DM/DP L.U.,103-90-2;125-71-3,6018.0; 48917.0; 64433.0; 68852.0,1
DEXTROMETHORPHAN#DIPHENHYDRAMINE#PHENYLEPHRINE,PERNIX,DYTAN-DM,125-71-3,6018.0,1
DEXTROMETHORPHAN#DOXYLAMINE,PROCTER_&_GAMBLE,VICKS FORMULA 44,125-71-3;469-21-6,6018.0; 85192.0; 109953.0,1
DEXTROMETHORPHAN#DOXYLAMINE#GUAIFENESIN#PARACETAMOL,LAB_UNKNOWN,AP/DM/GUA/DXY L.U.,103-90-2;125-71-3;469-21-6,6018.0; 48917.0; 64433.0; 68852.0; 85192.0; 109953.0,1
DEXTROMETHORPHAN#DOXYLAMINE#PSEUDOEPHEDRINE,"SALLUS_LABS,_LLC",LORTUSS DM SALL,125-71-3;469-21-6;90-82-4,6018.0; 13110.0; 85192.0; 91390.0; 91396.0; 109953.0,1
DEXTROMETHORPHAN#EPHEDRINE,MAYNE_PHARMA_GROUP,DUR-TANN FORTE,125-71-3,6018.0,1
DEXTROMETHORPHAN#GUAIFENESIN#PARACETAMOL,MCR/AMERICAN_PHARM,MAXIFLU DM,103-90-2;125-71-3,6018.0; 48917.0; 64433.0; 68852.0,1
DEXTROMETHORPHAN#MENTHOL,RECKITT_BENCKISER,DELSYM COUGH RF PL,125-71-3,6018.0,1
DEXTROMETHORPHAN#MEPYRAMINE,CAPITAL_PHARM,CAPRON DM,125-71-3,6018.0,1
DEXTROMETHORPHAN#MEPYRAMINE#PHENYLEPHRINE,SHIONOGI_SEIYAKU,CODIMAL DM,125-71-3,6018.0,1
DEXTROMETHORPHAN#MEPYRAMINE#PSEUDOEPHEDRINE,TIBER_PHARM,VIRAVAN-PDM,125-71-3;90-82-4,6018.0; 13110.0; 91390.0; 91396.0,1
DEXTROMETHORPHAN#PHENYLEPHRINE#THONZYLAMINE,POLY_PHARM,POLY-HIST DM,125-71-3,6018.0,1
DEXTROMETHORPHAN#SULFOGAIACOL,BLANSETT,PROLEX DMX,125-71-3,6018.0,1
DICLOFENAMIDE#ISOMETHEPTENE#PARACETAMOL,EXCELLIUM_PHARM,EPIDREN,103-90-2;120-97-8,48917.0; 64433.0; 68852.0; 73309.0,1
DIIODOHYDROXYQUINOLINE#HYDROCORTISONE,ARTESA_LABS,VYTONE,50-23-7,48942.0,1
DIMETICONE#GLYCEROL#HYALURONIC_ACID#SOYA_LECITHIN,UNIV_MEDICAL_PROD,ACNEFREE POCKMARK,9004-61-9,6807.0; 7103.0; 13469.0; 105492.0,1
DIOSMIN#HYDROCORTISONE#PRAMOCAINE,SEBELA_PHARMACEUT,ANALPRAM ADVANCED,50-23-7,48942.0,1
DIPHENHYDRAMINE#GUAIFENESIN#PARACETAMOL#PHENYLEPHRINE,RECKITT_BENCKISER,MUCINEX SINUS-MAX,103-90-2,48917.0; 64433.0; 68852.0,1
DIPHENHYDRAMINE#HYDROCODONE#PHENYLEPHRINE,PERNIX,HYDRO-DP,125-29-1,59692.0; 66538.0; 69798.0; 83624.0; 91390.0; 91396.0,1
DIPHENHYDRAMINE#HYDROCORTISONE#NYSTATIN,CUTIS_PHARMA,FIRST-DUKES,50-23-7,48942.0,1
DIPHENHYDRAMINE#HYDROCORTISONE#NYSTATIN#TETRACYCLINE,CUTIS_PHARMA,FIRST-MARYS MOUTHW,50-23-7,48942.0,1
DIPHENHYDRAMINE#IBUPROFEN,PFIZER,ADVIL PM,15687-27-1,57598.0,1
DIPHENHYDRAMINE#LIDOCAINE#NYSTATIN,CUTIS_PHARMA,FIRST-BXN,137-58-6,12433.0; 15198.0; 23015.0; 44403.0; 54740.0; 90455.0,1
DIPHENHYDRAMINE#NAPROXEN,BAYER,ALEVE PM,22204-53-1,17853.0,1
DL-LACTIC_ACID#MOMETASONE,INNOCUTIS,MOMEXIN,105102-22-5,13594.0; 61413.0,1
DL-LACTIC_ACID#ULOBETASOL,JSJ_PHARMACEUTICAL,HALONATE,98651-66-2,6292.0; 114745.0,1
DOCONEXENT#DOXYCYCLINE#ICOSAPENT#LINUM_USITATISSIMUM#VITAMIN_E,AKORN,NUTRIDOX,10417-94-4;24390-14-5;564-25-0;6217-54-5,10198.0; 14440.0; 46927.0; 48140.0; 70004.0; 74224.0; 92069.0; 96277.0,1
DOCONEXENT#ETHYL-EICOSAPENT,GLAXOSMITHKLINE,LOVAZA,6217-54-5,70004.0,1
DOCOSAHEXANOIC_ACID#DOXYCYCLINE#ICOSAPENT#LINUM_USITATISSIMUM#VITAMIN_E,AKORN,NUTRIDOX,10417-94-4;24390-14-5;564-25-0;6217-54-5,10198.0; 14440.0; 46927.0; 48140.0; 70004.0; 74224.0; 92069.0; 96277.0,1
DOCOSAHEXANOIC_ACID#ETHYL-EICOSAPENT,GLAXOSMITHKLINE,LOVAZA,6217-54-5,70004.0,1
DOXYCYCLINE#OCTINOXATE#SALICYLIC_ACID#ZINC,AVIDAS_PHARM,AVIDOXY DK,24390-14-5;564-25-0,10198.0; 14440.0; 46927.0; 48140.0; 74224.0; 92069.0; 96277.0,1
DOXYLAMINE#PARACETAMOL#PHENYLEPHRINE,LAB_UNKNOWN,PE/APAP/DXYL  L.U.,103-90-2;469-21-6,48917.0; 64433.0; 68852.0; 85192.0; 109953.0,1
DOXYLAMINE#PARACETAMOL#PSEUDOEPHEDRINE,JOHNSON_&_JOHNSON,TYLENOL-SINUS,103-90-2;469-21-6;90-82-4,13110.0; 48917.0; 64433.0; 68852.0; 85192.0; 91390.0; 91396.0; 109953.0,1
DOXYLAMINE#PHENYLEPHRINE,POLY_PHARM,POLY HIST FORTE (O,469-21-6,85192.0; 109953.0,1
DOXYLAMINE#PSEUDOEPHEDRINE,"SALLUS_LABS,_LLC",LORTUSS LQ,469-21-6;90-82-4,13110.0; 85192.0; 91390.0; 91396.0; 109953.0,1
DROSPIRENONE#ETHINYLESTRADIOL,TEVA,GIANVI,57-63-6;67392-87-4,2963.0; 4582.0; 10301.0; 12168.0; 12170.0; 13648.0; 14954.0; 37956.0; 37957.0; 46282.0; 46921.0; 46926.0; 47516.0; 53557.0; 54904.0; 63014.0; 64446.0; 104110.0,1
DROSPIRENONE#ETHINYLESTRADIOL#LEVOMEFOLIC_ACID,LUPIN_LABORATORIES,DROS/ETHI/LEV LUPI,57-63-6;67392-87-4,2963.0; 4582.0; 10301.0; 12168.0; 12170.0; 13648.0; 14954.0; 37956.0; 37957.0; 46282.0; 46921.0; 46926.0; 47516.0; 53557.0; 54904.0; 63014.0; 64446.0; 104110.0,1
DROSPIRENONE#ETHINYLESTRADIOL#METHYLFOLATE,LUPIN_LABORATORIES,TYDEMY,57-63-6;67392-87-4,2963.0; 4582.0; 10301.0; 12168.0; 12170.0; 13648.0; 14954.0; 37956.0; 37957.0; 46282.0; 46921.0; 46926.0; 47516.0; 53557.0; 54904.0; 63014.0; 64446.0; 104110.0,1
DROSPIRENONE#ETHINYLESTRADIOL_BETADEX,BAYER,YAZ,67392-87-4,2963.0,1
DROSPIRENONE#ETHINYLESTRADIOL_BETADEX#METHYLFOLATE,BAYER,BEYAZ,67392-87-4,2963.0,1
ECONAZOLE,VALEANT_PHARMA,SPECTAZOLE,27220-47-9,90370.0,1
EFLORNITHINE,ALLERGAN,VANIQA,70052-12-9,6047.0,1
EPROSARTAN#HYDROCHLOROTHIAZIDE,ABBVIE,TEVETEN HCT,58-93-5,54363.0; 70341.0; 80291.0,1
ESTRADIOL#NORETHISTERONE,HISAMITSU,COMBIPATCH,50-28-2;68-22-4,3066.0; 4161.0; 9830.0; 10300.0; 10412.0; 11238.0; 11837.0; 11897.0; 12343.0; 13851.0; 17527.0; 44378.0; 45697.0; 46282.0; 46417.0; 46926.0; 49122.0; 63014.0; 64446.0; 79128.0; 80874.0; 85758.0,1
ESTRADIOL#NORGESTIMATE,TEVA,PREFEST,50-28-2,3066.0; 4161.0; 9830.0; 10300.0; 10412.0; 11238.0; 11837.0; 11897.0; 12343.0; 13851.0; 17527.0; 44378.0; 45697.0; 46417.0; 49122.0; 79128.0; 80874.0; 85758.0,1
ETHINYLESTRADIOL#NORELGESTROMIN,MYLAN,XULANE,53016-31-2;57-63-6,2963.0; 4582.0; 10301.0; 12168.0; 12170.0; 13648.0; 14954.0; 37956.0; 37957.0; 46282.0; 46921.0; 46926.0; 47516.0; 53557.0; 54904.0; 63014.0; 64446.0; 104110.0,1
FENAMISAL#HYOSCYAMINE#METHENAMINE#METHYLENE_BLUE#PHOSPHORIC_ACID,METHOD_PHARMA,URO-L,61-73-4,74759.0; 81075.0,1
FENAMISAL#HYOSCYAMINE#METHENAMINE#METHYLENE_BLUE#SODIUM,METHOD_PHARMA,URO-MP,61-73-4,74759.0; 81075.0,1
FENTANYL#ROPIVACAINE#SODIUM,PHARMEDIUM,FENTA/ROPI/NA PRMU,437-38-7,5254.0; 10298.0; 12846.0; 31134.0; 44699.0; 55195.0; 56472.0; 58903.0,1
FLUNISOLIDE,TEVA,NASALIDE,3385-03-3,88048.0,1
FLUTICASONE_FUROATE#VILANTEROL,GLAXOSMITHKLINE,BREO ELLIPTA,397864-44-7;503068-34-6,57097.0; 59060.0,1
FOLLITROPIN_BETA#GANIRELIX,MERCK_&_CO,FOLLISTIM/ANTAGON,124904-93-4,3196.0,1
FOSAPREPITANT,MERCK_&_CO,EMEND,172673-20-0,16021.0,1
GANIRELIX,MERCK_&_CO,GANIRELIX     M-CO,124904-93-4,3196.0,1
GLIBENCLAMIDE#METFORMIN,BRISTOL-MYERS_SQB.,GLUCOVANCE,10238-21-8;1115-70-4;657-24-9,6050.0; 27454.0; 29182.0; 46890.0; 48279.0; 49077.0; 49829.0; 55177.0; 56823.0; 67614.0; 82005.0; 93902.0,1
GLUCOSE#LEVOFLOXACIN,HIKMA_PHARMA,GLUCO/LEVOFLO HIKM,100986-85-4,48667.0,1
GLYCEROL#HYALURONIC_ACID,BAUSCH_HEALTH,OCEAN ULTRA,9004-61-9,6807.0; 7103.0; 13469.0; 105492.0,1
GLYCEROL#HYDROCORTISONE#PARAFFIN_OIL,ARBOR_PHARM,PEDIADERM HC,50-23-7,48942.0,1
GLYCEROL#PARAFFIN_OIL#TRIAMCINOLONE_ACETONIDE,ARBOR_PHARM,PEDIADERM TA,76-25-5,51082.0; 57893.0; 72124.0; 87173.0; 95157.0,1
GLYCOPYRRONIUM#INDACATEROL,SUMITOMO_DAINIPPON,UTIBRON NEOHALER,312753-06-3;596-51-0;740028-90-4,34139.0; 41417.0; 53427.0,1
GUAIACOL#HYDROCODONE,PERNIX,DE-CHLOR NX,125-29-1,59692.0; 66538.0; 69798.0; 83624.0; 91390.0; 91396.0,1
GUAIFENESIN#HYDROCODONE,SHIONOGI_SEIYAKU,CODICLEAR DH,125-29-1,59692.0; 66538.0; 69798.0; 83624.0; 91390.0; 91396.0,1
GUAIFENESIN#HYDROCODONE#PSEUDOEPHEDRINE,PFIZER,VANEX,125-29-1;90-82-4,13110.0; 59692.0; 66538.0; 69798.0; 83624.0; 91390.0; 91396.0,1
GUAIFENESIN#PARACETAMOL,JOHNSON_&_JOHNSON,TYLENOL CHEST CONG,103-90-2,48917.0; 64433.0; 68852.0,1
GUAIFENESIN#PARACETAMOL#PHENYLEPHRINE,RECKITT_BENCKISER,MUCINEX SINUS-MAX,103-90-2,48917.0; 64433.0; 68852.0,1
GUAIFENESIN#PARACETAMOL#PHENYLPROPANOLAMINE,UNIFIRST_FIRST,CCP CAFFEINE FREE,103-90-2,48917.0; 64433.0; 68852.0,1
GUAIFENESIN#PENTOXYVERINE#PSEUDOEPHEDRINE,PERNIX,EXALL-D,90-82-4,13110.0; 91390.0; 91396.0,1
HYALURONIC_ACID#KETOCONAZOLE#SALICYLIC_ACID,MEDIMETRIKS_PHARM,KETODAN,65277-42-1;9004-61-9,6807.0; 7103.0; 13469.0; 24486.0; 50198.0; 105492.0,1
HYALURONIC_ACID#LIDOCAINE,MPM_MEDICAL,REGENECARE HA,137-58-6;9004-61-9,6807.0; 7103.0; 12433.0; 13469.0; 15198.0; 23015.0; 44403.0; 54740.0; 90455.0; 105492.0,1
HYDROCHLOROTHIAZIDE#QUINAPRIL,PFIZER,ACCURETIC,58-93-5;85441-61-8,54363.0; 70341.0; 80291.0,1
HYDROCODONE,MUNDIPHARMA_INT,HYSINGLA,125-29-1,59692.0; 66538.0; 69798.0; 83624.0; 91390.0; 91396.0,1
HYDROCODONE#PSEUDOEPHEDRINE#TRIPROLIDINE,VINDEX,ZYMINE HC,125-29-1;90-82-4,13110.0; 59692.0; 66538.0; 69798.0; 83624.0; 91390.0; 91396.0,1
HYDROCORTISONE#KETOCONAZOLE,GLAXOSMITHKLINE,XOLEGEL COREPAK,50-23-7;65277-42-1,24486.0; 48942.0; 50198.0,1
HYDROCORTISONE#LIDOCAINE,NOVARTIS,LIDA MANTLE,137-58-6;50-23-7,12433.0; 15198.0; 23015.0; 44403.0; 48942.0; 54740.0; 90455.0,1
HYOSCYAMINE#METHENAMINE#METHYLENE_BLUE#PHOSPHORIC_ACID,MISSION,UTIRA-C,61-73-4,74759.0; 81075.0,1
HYOSCYAMINE#METHENAMINE#METHYLENE_BLUE#PHOSPHORUS#SALICYLIC_ACID,RIVERS_EDGE,DARCALMA,61-73-4,74759.0; 81075.0,1
HYOSCYAMINE#METHENAMINE#METHYLENE_BLUE#SALICYLIC_ACID#SODIUM,PERNIX,UTICAP,61-73-4,74759.0; 81075.0,1
HYOSCYAMINE#METHENAMINE#METHYLENE_BLUE#SODIUM,VINDEX,URISYM,61-73-4,74759.0; 81075.0,1
INSULIN_ASPART#INSULIN_ASPART_PROTAMINE_CRYSTALLINE,NOVO_NORDISK,NOVOMIX,116094-23-6,55898.0; 66519.0,1
INTERFERON_ALFA-2B#RIBAVIRIN,MERCK_&_CO,REBETRON,36791-04-5,71886.0; 72706.0,1
KETOCONAZOLE#PYRITHIONE_ZINC,GLAXOSMITHKLINE,XOLEGEL DUO,65277-42-1,24486.0; 50198.0,1
KETOTIFEN,GLAXOSMITHKLINE,PROFILASMIN-PED,34580-13-7;34580-14-8,44412.0,1
LAMIVUDINE#NELFINAVIR#ZIDOVUDINE,A-S_MEDICATION,HIV P.E.P.,134678-17-4,73625.0; 90562.0; 101639.0; 109933.0; 113752.0,1
LAMIVUDINE#TENOFOVIR_DISOPROXIL,MYLAN,RICOVIR L,134678-17-4;201341-05-1,14493.0; 73625.0; 90562.0; 101639.0; 109933.0; 113752.0,1
LANSOPRAZOLE#NAPROXEN,TAKEDA,PREVACID NAPRAPAC,22204-53-1,17853.0,1
LEVONORGESTREL,FOUNDATION_CONS,TAKE ACTION,797-63-7,12170.0; 14885.0; 14954.0; 37956.0; 37957.0; 46921.0; 53557.0; 55434.0; 82773.0,1
LIDOCAINE#MENTHOL,LEE_PHARM,BANADYNE-3,137-58-6,12433.0; 15198.0; 23015.0; 44403.0; 54740.0; 90455.0,1
LIDOCAINE#NEOMYCIN#POLYMYXIN_B,LAB_UNKNOWN,NEO/POLY/LIDO L.U.,137-58-6,12433.0; 15198.0; 23015.0; 44403.0; 54740.0; 90455.0,1
LIDOCAINE#PHENOL,HI-TECH_PHARMACAL,DIABETIC TUSSIN SO,137-58-6,12433.0; 15198.0; 23015.0; 44403.0; 54740.0; 90455.0,1
MEBENDAZOLE,JOHNSON_&_JOHNSON,VERMOX,31431-39-7,93108.0; 100611.0,1
MECOBALAMIN#METHYLFOLATE#PYRIDOXINE#SCHIZOCHYTRIUM,VIRTUS_PHARMA,LEVOMEFOLATE CAL/P,65-23-6,85192.0; 109953.0,1
MELATONIN#PYRIDOXINE,LAB_UNKNOWN,MELATO/VIT B6 L.U.,65-23-6,85192.0; 109953.0,1
MENTHOL#OXYMETAZOLINE,RECKITT_BENCKISER,MUCINEX NS FULL FO,1491-59-4,67111.0; 69367.0,1
MEPYRAMINE#PARACETAMOL#PHENIRAMINE#PHENYLEPHRINE#PHENYLPROPANOLAMINE,MAJOR_PHARM_CORP,PHENAGESIC,103-90-2,48917.0; 64433.0; 68852.0,1
MEPYRAMINE#PENTOXYVERINE#PSEUDOEPHEDRINE,VERTICAL_PHARM,ZOTEX-D,90-82-4,13110.0; 91390.0; 91396.0,1
MEPYRAMINE#PSEUDOEPHEDRINE,TIBER_PHARM,VIRAVAN-P,90-82-4,13110.0; 91390.0; 91396.0,1
METFORMIN#PIOGLITAZONE,TAKEDA,ACTOPLUS MET,111025-46-8;1115-70-4;657-24-9,6050.0; 27454.0; 29182.0; 48279.0; 49077.0; 49829.0; 55177.0; 56823.0; 59795.0; 67614.0; 82005.0; 93902.0,1
METFORMIN#ROSIGLITAZONE,GLAXOSMITHKLINE,AVANDAMET,1115-70-4;122320-73-4;657-24-9,6050.0; 27454.0; 29182.0; 48279.0; 49077.0; 49829.0; 55177.0; 56823.0; 67614.0; 82005.0; 93902.0,1
METHENAMINE#METHYLENE_BLUE,ESTEVE,USEPT,61-73-4,74759.0; 81075.0,1
MICONAZOLE#PARAFFIN_OIL#ZINC,MYLAN,MICONAZ/ZINC  MYLA,22916-47-8,47266.0; 50597.0,1
MICONAZOLE#ZINC,DERMASCIENCE,DERMAGRAN AF,22916-47-8,47266.0; 50597.0,1
MIDAZOLAM,ROCHE,DORMICUM,59467-70-8,54577.0,1
MORPHINE#SODIUM,PHARMEDIUM,MORPHINE/NA   PRMU,57-27-2,10777.0; 13468.0; 57467.0; 82520.0,1
NABUMETONE,GLENMARK_PHARM,NABUMETONE    GLMK,42924-53-8,6071.0,1
NAPROXEN#PSEUDOEPHEDRINE,BAYER,ALEVE COLD & SINUS,22204-53-1;90-82-4,13110.0; 17853.0; 91390.0; 91396.0,1
ONDANSETRON#SODIUM,PHARMEDIUM,ONDANSETR/SOD PRMU,99614-02-5,59543.0; 60940.0,1
OXCARBAZEPINE,SUPERNUS_PHARMA,OXTELLAR,28721-07-5,6161.0; 60133.0,1
PARACETAMOL#PENTAZOCINE,SANOFI,FORTAGESIC,103-90-2,48917.0; 64433.0; 68852.0,1
PARACETAMOL#PHENIRAMINE#PHENYLEPHRINE,GLAXOSMITHKLINE,THERAFLU SVR CLD N,103-90-2,48917.0; 64433.0; 68852.0,1
PEMIROLAST,JOHNSON_&_JOHNSON,ALAMAST,100299-08-9;69372-19-6,6165.0; 48700.0,1
PENTOXYVERINE#PSEUDOEPHEDRINE,ACCENTIA_PHARM,RESPI-TANN,90-82-4,13110.0; 91390.0; 91396.0,1
PHENYLEPHRINE#PSEUDOEPHEDRINE,MAGNA_PHARM,STA-D,90-82-4,13110.0; 91390.0; 91396.0,1
PHYTOSTEROLS_(UNSPECIFIED)#PROGESTERONE,SAYGE_BIOSCIENCES,BALANCE HRT NATURA,57-83-0,40649.0,1
POLIDOCANOL,MERZ,ASCLERA,9002-92-0,88713.0,1
PSEUDOEPHEDRINE#SCOPOLAMINE_METHYL_HYDROXIDE,CHIESI,ALLERX D,90-82-4,13110.0; 91390.0; 91396.0,1
TEMOZOLOMIDE,MERCK_&_CO,TEMODAL M-CO,85622-93-1,4529.0,1
VALRUBICIN,ENDO_INTERNATIONAL,VALSTAR ENDN,56124-62-0,11295.0,1
