Original Molecule,Parsed Molecule,Best Match Link,CAS,Deprecated CAS
1-2-PROPANEDIOL_DIACETATE,"1,2 PROPANEDIOL DIACETATE",https://pubchem.ncbi.nlm.nih.gov/compound/12198,623-84-7,"134236-23-0, 1432741-27-9, 1432741-27-9, 134236-23-0"
1-HEXADECANOL,1 HEXADECANOL,https://pubchem.ncbi.nlm.nih.gov/compound/2682,36653-82-4,"168679-13-8, 124-29-8, 55069-45-9, 8014-51-5, 8023-37-8, 8032-16-4, 8032-17-5, 8032-89-1, 1173838-87-3, 1173838-87-3, 124-29-8, 55069-45-9, 8014-51-5, 8023-37-8, 8032-16-4, 8032-17-5, 8032-89-1, 8014-51-5, 1173838-87-3, 8032-16-4, 8032-89-1, 8023-37-8, 55069-45-9, 8032-17-5, 124-29-8"
1-OCTADECANOL,1 OCTADECANOL,https://pubchem.ncbi.nlm.nih.gov/compound/8221,112-92-5,"193766-48-2, 8014-37-7, 8032-19-7, 8032-21-1, 8034-90-0, 8034-90-0, 8032-21-1, 8014-37-7, 193766-48-2"
2-3-(2-IODOPROPYLIDENEDIOXY)PROPANOL,"2,3-(2 IODOPROPYLIDENEDIOXY)PROPANOL",N/A,N/A,N/A
2-OXOGLUTARIC_ACID,2 OXOGLUTARIC ACID,https://pubchem.ncbi.nlm.nih.gov/compound/51,328-50-7,27175-99-1
2-PHENOXYETHANOL,2 PHENOXYETHANOL,https://pubchem.ncbi.nlm.nih.gov/compound/31236,9004-78-8,"37220-49-8, 56257-90-0, 1020398-73-5, 1020398-73-5, 1630984-41-6, 2975567-02-1, 37220-49-8, 56257-90-0, 56257-90-0, 1020398-73-5, 37220-49-8"
2-PROPANOL,2 PROPANOL,https://pubchem.ncbi.nlm.nih.gov/compound/3776,67-63-0,8013-70-5
4-AMINOBUTYRIC_ACID,4 AMINOBUTYRIC ACID,https://pubchem.ncbi.nlm.nih.gov/compound/6137,63-68-3,"24425-78-3, 7005-18-7, 1437749-32-0, 1437749-60-4, 1437749-65-9, 1437749-75-1, 1437749-80-8, 1437769-00-0, 1437870-94-4, 1437870-95-5, 1437870-97-7, 1437870-98-8, 1437871-20-9, 1463481-01-7, 1463481-06-2, 1463481-15-3, 1463481-19-7, 1463481-23-3, 1463481-27-7, 1463481-31-3, 1463481-37-9, 1463481-41-5, 1463481-46-0, 1463481-51-7, 1463481-58-4, 1463481-73-3, 1463481-80-2, 1463481-89-1, 1463610-75-4, 1463610-76-5, 1466415-57-5, 1437749-32-0, 1437749-60-4, 1437749-65-9, 1437749-75-1, 1437749-80-8, 1437769-00-0, 1437870-94-4, 1437870-95-5, 1437870-97-7, 1437870-98-8, 1437871-20-9, 1463481-01-7, 1463481-06-2, 1463481-15-3, 1463481-19-7, 1463481-23-3, 1463481-27-7, 1463481-31-3, 1463481-37-9, 1463481-41-5, 1463481-46-0, 1463481-51-7, 1463481-58-4, 1463481-73-3, 1463481-80-2, 1463481-89-1, 1463610-75-4, 1463610-76-5, 1466415-57-5, 24425-78-3, 7005-18-7, 1463610-75-4, 1437871-20-9, 1463481-46-0, 1463481-06-2, 1437749-60-4, 1463481-23-3, 1463481-58-4, 1437749-80-8, 1463481-19-7, 1437870-95-5, 1463481-37-9, 1463481-89-1, 7005-18-7, 24425-78-3, 1437749-65-9, 1437749-32-0, 1437749-75-1, 1437870-94-4, 1437769-00-0, 1463481-73-3, 1437870-97-7, 1463481-15-3, 1437870-98-8, 1463481-51-7, 1463610-76-5, 1463481-80-2, 1463481-41-5, 1463481-31-3, 1463481-27-7, 1466415-57-5"
7-KETO_DEHYDRANDROSTERONE,7 KETO DEHYDRANDROSTERONE,N/A,N/A,N/A
7-OXO-DEHYDROEPIANDROSTERONE,7 OXO-DEHYDROEPIANDROSTERONE,https://pubchem.ncbi.nlm.nih.gov/compound/193313,566-19-8,N/A
8-QUINOLINOL,8 QUINOLINOL,https://pubchem.ncbi.nlm.nih.gov/compound/1923,148-24-3,"123574-67-4, 24804-14-6, 123574-67-4"
ABACAVIR,ABACAVIR,https://pubchem.ncbi.nlm.nih.gov/compound/743,110-94-1,8065-59-6
ABALOPARATIDE,ABALOPARATIDE,https://pubchem.ncbi.nlm.nih.gov/compound/145705876,247062-33-5,N/A
ABARELIX,ABARELIX,https://pubchem.ncbi.nlm.nih.gov/compound/16131215,183552-38-7,N/A
ABATACEPT,ABATACEPT,https://pubchem.ncbi.nlm.nih.gov/substance/440790639,N/A,N/A
ABCIXIMAB,ABCIXIMAB,https://pubchem.ncbi.nlm.nih.gov/substance/440790666,N/A,N/A
ABEMACICLIB,ABEMACICLIB,N/A,N/A,N/A
ABIRATERONE_ACETATE,ABIRATERONE ACETATE,https://pubchem.ncbi.nlm.nih.gov/compound/132971,154229-19-3,N/A
ABRUS_PRECATORIUS,ABRUS PRECATORIUS,https://pubchem.ncbi.nlm.nih.gov/substance/482044096,N/A,N/A
ABSORBABLE_GELATIN/COLLAGEN_SPONGE,ABSORBABLE GELATIN/COLLAGEN SPONGE,https://pubmed.ncbi.nlm.nih.gov/24377182,N/A,N/A
ACACIA_CATECHU,ACACIA CATECHU,https://pubchem.ncbi.nlm.nih.gov/substance/482039925,N/A,N/A
ACACIA_SENEGAL,ACACIA SENEGAL,https://pubchem.ncbi.nlm.nih.gov/substance/482044117,N/A,N/A
ACALABRUTINIB,ACALABRUTINIB,https://pubchem.ncbi.nlm.nih.gov/compound/71226662,1420477-60-6,N/A
ACAMPROSATE,ACAMPROSATE,https://pubchem.ncbi.nlm.nih.gov/compound/71158,77337-76-9,N/A
ACARBOSE,ACARBOSE,https://pubchem.ncbi.nlm.nih.gov/compound/444254,56180-94-0,N/A
ACEBUTOLOL,ACEBUTOLOL,https://pubchem.ncbi.nlm.nih.gov/compound/1978,37517-30-9,28197-63-9
ACEMANNAN,ACEMANNAN,https://pubchem.ncbi.nlm.nih.gov/compound/72041,110042-95-0,110865-83-3
ACEPROMAZINE,ACEPROMAZINE,https://pubchem.ncbi.nlm.nih.gov/compound/6077,61-00-7,N/A
ACESULFAME,ACESULFAME,https://pubchem.ncbi.nlm.nih.gov/compound/36573,33665-90-6,N/A
ACETAZOLAMIDE,ACETAZOLAMIDE,https://pubchem.ncbi.nlm.nih.gov/compound/1986,59-66-5,"5661-25-6, 8017-69-4, 909032-78-6, 8017-69-4"
ACETIC_ACID,ACETIC ACID,https://pubchem.ncbi.nlm.nih.gov/compound/176,64-19-7,"77671-22-8, 1053656-97-5, 1173022-32-6, 1053656-97-5, 1173022-32-6, 77671-22-8, 612524-90-0, 1053656-97-5, 463-83-2"
ACETOHEXAMIDE,ACETOHEXAMIDE,https://pubchem.ncbi.nlm.nih.gov/compound/1989,968-81-0,8054-32-8
ACETOHYDROXAMIC_ACID,ACETOHYDROXAMIC ACID,https://pubchem.ncbi.nlm.nih.gov/compound/1990,546-88-3,N/A
ACETONE,ACETONE,https://pubchem.ncbi.nlm.nih.gov/compound/180,67-64-1,N/A
ACETONE_(KETONE)_TESTS,ACETONE (KETONE) TESTS,https://pubmed.ncbi.nlm.nih.gov/33027776,N/A,N/A
ACETYL-L-CARNITINE,ACETYL-L-CARNITINE,https://pubchem.ncbi.nlm.nih.gov/compound/7045767,3040-38-8,"461-77-8, 541-68-4, 3624-25-7, 74832-89-6"
ACETYLCHOLINE,ACETYLCHOLINE,https://pubchem.ncbi.nlm.nih.gov/compound/1146,75-50-3,4558-12-7
ACETYLCYSTEINE,ACETYLCYSTEINE,N/A,N/A,N/A
ACETYLSALICYLIC_ACID,ACETYLSALICYLIC ACID,https://pubchem.ncbi.nlm.nih.gov/compound/338,69-72-7,"7681-06-3, 8052-31-1, 1186130-36-8, 1186130-36-8, 7681-06-3, 8052-31-1, 8052-31-1, 1186130-36-8"
ACETYLSULFAFURAZOLE,ACETYLSULFAFURAZOLE,https://pubchem.ncbi.nlm.nih.gov/compound/6662,80-74-0,N/A
ACHILLEA_MILLEFOLIUM,ACHILLEA MILLEFOLIUM,https://pubchem.ncbi.nlm.nih.gov/substance/483924236,N/A,N/A
ACICLOVIR,ACICLOVIR,https://pubchem.ncbi.nlm.nih.gov/compound/135398513,59277-89-3,N/A
ACITRETIN,ACITRETIN,https://pubchem.ncbi.nlm.nih.gov/compound/5282375,54350-48-0,N/A
ACLIDINIUM_BROMIDE,ACLIDINIUM BROMIDE,https://pubchem.ncbi.nlm.nih.gov/compound/11519741,320345-99-1,N/A
ACONITUM_NAPELLUS,ACONITUM NAPELLUS,https://pubchem.ncbi.nlm.nih.gov/substance/483929951,N/A,N/A
ACRIVASTINE,ACRIVASTINE,https://pubchem.ncbi.nlm.nih.gov/compound/6912,87-99-0,"12426-00-5, 37191-59-6, 7313-55-5, 75398-81-1, 84709-42-2, 16277-71-7, 28296-13-1, 84709-28-4, 12426-00-5, 16277-71-7, 37191-59-6, 7313-55-5, 75398-81-1, 84709-42-2"
ADALIMUMAB,ADALIMUMAB,https://pubchem.ncbi.nlm.nih.gov/substance/440790468,N/A,N/A
ADAPALENE,ADAPALENE,https://pubchem.ncbi.nlm.nih.gov/compound/60164,106685-40-9,N/A
ADEFOVIR_DIPIVOXIL,ADEFOVIR DIPIVOXIL,https://pubchem.ncbi.nlm.nih.gov/compound/60871,142340-99-6,N/A
ADEMETIONINE,ADEMETIONINE,https://pubchem.ncbi.nlm.nih.gov/compound/34756,485-80-3,"15648-75-6, 93240-48-3, 55722-10-6"
ADENOSINE,ADENOSINE,https://pubchem.ncbi.nlm.nih.gov/compound/60961,58-61-7,"46946-45-6, 46969-16-8, 1348387-95-0, 46946-45-6, 46969-16-8, 46969-16-8"
ADENOSINE_TRIPHOSPHATE,ADENOSINE TRIPHOSPHATE,https://pubchem.ncbi.nlm.nih.gov/compound/5957,56-65-5,"10168-83-9, 16488-07-6, 51569-41-6, 71800-44-7, 84412-18-0, 896506-78-8, 1259312-93-0, 917074-14-7, 10168-83-9, 1259312-93-0, 16488-07-6, 51569-41-6, 71800-44-7, 84412-18-0, 896506-78-8, 917074-14-7, 71800-44-7, 51569-41-6, 84412-18-0, 1259312-93-0, 896506-78-8, 10168-83-9, 917074-14-7"
ADIPIODONE,ADIPIODONE,https://pubchem.ncbi.nlm.nih.gov/compound/3739,606-17-7,N/A
ADRENAL_CORTEX,ADRENAL CORTEX,https://pubchem.ncbi.nlm.nih.gov/substance/482039705,N/A,N/A
AESCULUS_HIPPOCASTANUM,AESCULUS HIPPOCASTANUM,https://pubchem.ncbi.nlm.nih.gov/substance/483924302,N/A,N/A
AFATINIB,AFATINIB,https://pubchem.ncbi.nlm.nih.gov/compound/7443,99-54-7,N/A
AFLIBERCEPT,AFLIBERCEPT,https://pubchem.ncbi.nlm.nih.gov/substance/469691024,N/A,N/A
AGALSIDASE_BETA,AGALSIDASE BETA,https://pubchem.ncbi.nlm.nih.gov/compound/52918379,928659-70-5,1000191-50-3
AGARICUS_CAMPESTRIS,AGARICUS CAMPESTRIS,https://pubchem.ncbi.nlm.nih.gov/substance/482032839,N/A,N/A
ALANINE,ALANINE,https://pubchem.ncbi.nlm.nih.gov/compound/5862,52-90-4,"4371-52-2, 154605-72-8, 1404190-35-7, 1404190-35-7, 154605-72-8, 4371-52-2, 4371-52-2, 154605-72-8"
ALATROFLOXACIN,ALATROFLOXACIN,https://pubchem.ncbi.nlm.nih.gov/compound/5282517,146961-77-5,157605-25-9
ALBENDAZOLE,ALBENDAZOLE,https://pubchem.ncbi.nlm.nih.gov/compound/25429,10605-21-7,"102040-01-7, 105268-95-9, 110342-67-1, 39413-19-9, 59758-95-1, 63090-40-4, 63278-70-6, 212384-28-6, 276680-08-1, 1135441-26-7, 1155875-94-7, 1203557-88-3, 102040-01-7, 105268-95-9, 110342-67-1, 1135441-26-7, 1155875-94-7, 1203557-88-3, 212384-28-6, 276680-08-1, 39413-19-9, 59758-95-1, 63090-40-4, 63278-70-6, 63278-70-6, 212384-28-6, 1203557-88-3, 59758-95-1, 110342-67-1, 63090-40-4, 105268-95-9, 39413-19-9, 1155875-94-7, 1135441-26-7, 276680-08-1"
ALBIGLUTIDE,ALBIGLUTIDE,https://pubchem.ncbi.nlm.nih.gov/compound/145994868,782500-75-8,N/A
ALBUMIN,ALBUMIN,https://pubchem.ncbi.nlm.nih.gov/compound/36314,33069-62-4,"157069-30-2, 1203669-79-7"
ALBUTREPENONACOG_ALFA,ALBUTREPENONACOG ALFA,https://pubchem.ncbi.nlm.nih.gov/substance/483924318,N/A,N/A
ALCAFTADINE,ALCAFTADINE,https://pubchem.ncbi.nlm.nih.gov/compound/19371515,147084-10-4,N/A
ALCLOMETASONE,ALCLOMETASONE,https://pubchem.ncbi.nlm.nih.gov/compound/636374,66734-13-2,N/A
ALDESLEUKIN,ALDESLEUKIN,https://pubchem.ncbi.nlm.nih.gov/substance/440790979,N/A,N/A
ALDIOXA,ALDIOXA,https://pubchem.ncbi.nlm.nih.gov/compound/16683101,5579-81-7,"12125-29-0, 2015-24-9, 52931-97-2, 12125-29-0, 52931-97-2, 2015-24-9"
ALECTINIB,ALECTINIB,https://pubchem.ncbi.nlm.nih.gov/compound/49806720,1256580-46-7,1416163-60-4
ALEFACEPT,ALEFACEPT,https://pubchem.ncbi.nlm.nih.gov/substance/481101484,N/A,N/A
ALEMTUZUMAB,ALEMTUZUMAB,https://pubchem.ncbi.nlm.nih.gov/substance/7978474,N/A,N/A
ALENDRONIC_ACID,ALENDRONIC ACID,https://pubchem.ncbi.nlm.nih.gov/compound/2088,66376-36-1,N/A
ALFENTANIL,ALFENTANIL,https://pubchem.ncbi.nlm.nih.gov/compound/51263,71195-58-9,N/A
ALFUZOSIN,ALFUZOSIN,https://pubchem.ncbi.nlm.nih.gov/compound/2092,81403-80-7,"128707-53-9, 86163-78-2"
ALGINIC_ACID,ALGINIC ACID,https://pubchem.ncbi.nlm.nih.gov/compound/23665711,9005-38-3,"107666-56-8, 1262215-37-1, 12772-46-2, 32129-82-1, 32197-42-5, 496956-52-6, 50643-02-2, 56940-21-7, 56940-22-8, 63278-91-1, 75635-14-2, 77030-65-0, 81989-21-1, 9005-40-7"
ALGLUCERASE,ALGLUCERASE,https://pubchem.ncbi.nlm.nih.gov/substance/472422781,143003-46-7,N/A
ALGLUCOSIDASE_ALFA,ALGLUCOSIDASE ALFA,https://pubchem.ncbi.nlm.nih.gov/substance/440790673,N/A,N/A
ALIROCUMAB,ALIROCUMAB,https://pubchem.ncbi.nlm.nih.gov/substance/469690929,N/A,N/A
ALISKIREN,ALISKIREN,https://pubchem.ncbi.nlm.nih.gov/compound/5493444,173334-57-1,"401809-63-0, 957114-21-5"
ALITRETINOIN,ALITRETINOIN,https://pubchem.ncbi.nlm.nih.gov/compound/449171,5300-03-8,N/A
ALKYL_SULFONATES,ALKYL SULFONATES,https://pubchem.ncbi.nlm.nih.gov/compound/2478,55-98-1,N/A
ALLANTOIN,ALLANTOIN,https://pubchem.ncbi.nlm.nih.gov/compound/1176,57-13-6,"30535-50-3, 860639-56-1, 118548-06-4, 1202865-46-0, 1228376-38-2, 1637232-71-3, 2060607-07-8, 923953-70-2, 1262769-89-0, 2417243-36-6, 2694035-40-8, 173994-65-5, 174693-33-5, 173144-80-4, 175276-38-7, 118548-06-4, 1202865-46-0, 1228376-38-2, 1262769-89-0, 1637232-71-3, 2060607-07-8, 2417243-36-6, 2694035-40-8, 30535-50-3, 860639-56-1, 923953-70-2, 1202865-46-0, 118548-06-4, 30535-50-3, 1228376-38-2"
ALLIUM_CEPA,ALLIUM CEPA,https://pubchem.ncbi.nlm.nih.gov/substance/482025683,N/A,N/A
ALLIUM_SATIVUM,ALLIUM SATIVUM,https://pubchem.ncbi.nlm.nih.gov/substance/103049314,N/A,N/A
ALLOPURINOL,ALLOPURINOL,https://pubchem.ncbi.nlm.nih.gov/compound/135401907,315-30-0,"184856-42-6, 22767-92-6, 39464-14-7, 22767-92-6, 184856-42-6, 39464-14-7"
ALLYL_ISOTHIOCYANATE,ALLYL ISOTHIOCYANATE,https://pubchem.ncbi.nlm.nih.gov/compound/5971,57-06-7,"107231-30-1, 50888-64-7, 50978-48-8, 58391-87-0, 1001911-93-8, 1001911-93-8, 107231-30-1, 50888-64-7, 50978-48-8, 58391-87-0, 107231-30-1, 50888-64-7, 58391-87-0"
ALMOTRIPTAN,ALMOTRIPTAN,https://pubchem.ncbi.nlm.nih.gov/compound/123606,154323-57-6,N/A
ALOE_AFRICANA,ALOE AFRICANA,https://pubchem.ncbi.nlm.nih.gov/substance/482043001,N/A,N/A
ALOE_BARBADENSIS,ALOE BARBADENSIS,https://pubchem.ncbi.nlm.nih.gov/compound/12305761,1415-73-2,"10361-17-8, 11019-96-8, 25429-08-7, 31017-11-5, 31048-97-2, 5133-19-7, 20226-90-8, 73649-92-0, 31048-97-2, 31017-11-5, 11019-96-8, 25429-08-7"
ALOGLIPTIN,ALOGLIPTIN,https://pubchem.ncbi.nlm.nih.gov/compound/11450633,850649-61-5,N/A
ALOSETRON,ALOSETRON,https://pubchem.ncbi.nlm.nih.gov/compound/2099,122852-42-0,N/A
ALPHA-GALACTOSIDASE,ALPHA-GALACTOSIDASE,https://pubchem.ncbi.nlm.nih.gov/compound/82000,7493-95-0,N/A
ALPHA_AMYLASE,ALPHA AMYLASE,https://pubchem.ncbi.nlm.nih.gov/compound/192826,9005-82-7,"7482-74-8, 37243-82-6, 9051-21-2, 9060-22-4"
ALPHA_CAROTENE,ALPHA CAROTENE,https://pubchem.ncbi.nlm.nih.gov/compound/6419725,7488-99-5,"24319-81-1, 432-70-2"
ALPINA_GALANGA,ALPINA GALANGA,https://pubmed.ncbi.nlm.nih.gov/13493119,N/A,N/A
ALPINIA_OFFICINARUM,ALPINIA OFFICINARUM,https://pubchem.ncbi.nlm.nih.gov/substance/482043081,N/A,N/A
ALPRAZOLAM,ALPRAZOLAM,https://pubchem.ncbi.nlm.nih.gov/compound/2118,28981-97-7,N/A
ALPROSTADIL,ALPROSTADIL,https://pubchem.ncbi.nlm.nih.gov/compound/5280723,745-65-3,"50-83-9, 22299-37-2, 50865-30-0"
ALTEPLASE,ALTEPLASE,https://pubchem.ncbi.nlm.nih.gov/substance/7978677,N/A,N/A
ALTHAEA_OFFICINALIS,ALTHAEA OFFICINALIS,https://pubchem.ncbi.nlm.nih.gov/substance/483924420,N/A,N/A
ALTRETAMINE,ALTRETAMINE,https://pubchem.ncbi.nlm.nih.gov/compound/2123,645-05-6,N/A
ALUMINIUM,ALUMINIUM,https://pubchem.ncbi.nlm.nih.gov/compound/14806,1314-13-2,"185461-95-4, 56592-00-8, 57206-86-7, 78590-82-6, 8011-84-5, 8047-36-7, 8047-69-6, 8050-42-8, 8051-03-4, 143477-34-3, 1035159-71-7, 1079737-05-5, 1158650-40-8, 1328870-15-0, 1352121-28-8, 1404365-15-6, 768390-32-5, 1227055-55-1, 1434578-69-4, 1449007-65-1, 1613512-66-5, 1621460-93-2, 1629869-94-8, 1799390-27-4, 1834590-43-0, 1928718-93-7, 2082751-40-2, 2111100-94-6, 1641546-65-7, 2251116-56-8, 2257421-96-6, 2377780-57-7, 2455522-12-8, 2530009-82-4, 2567725-07-7, 2606843-55-2, 91315-44-5, 2704650-42-8, 1035159-71-7, 1079737-05-5, 1158650-40-8, 1227055-55-1, 1328870-15-0, 1352121-28-8, 1404365-15-6, 1434578-69-4, 143477-34-3, 1449007-65-1, 1613512-66-5, 1621460-93-2, 1629869-94-8, 1641546-65-7, 1799390-27-4, 1834590-43-0, 185461-95-4, 1928718-93-7, 2082751-40-2, 2111100-94-6, 2251116-56-8, 2257421-96-6, 2377780-57-7, 2455522-12-8, 2530009-82-4, 2567725-07-7, 2606843-55-2, 2704650-42-8, 2892133-77-4, 56592-00-8, 57206-86-7, 768390-32-5, 8011-84-5, 8047-36-7, 8047-69-6, 8050-42-8, 8051-03-4, 91315-44-5"
ALUMINIUM_AND_MAGNESIUM,ALUMINIUM AND MAGNESIUM,https://pubchem.ncbi.nlm.nih.gov/compound/71586775,110070-78-5,"12199-64-3, 12414-99-2, 12656-86-9, 64418-14-0, 51811-27-9, 61029-13-8, 61711-53-3, 111744-70-8, 67479-91-8, 110070-78-5"
ALVIMOPAN,ALVIMOPAN,https://pubchem.ncbi.nlm.nih.gov/compound/5488548,156053-89-3,N/A
AMANTADINE,AMANTADINE,https://pubchem.ncbi.nlm.nih.gov/compound/2130,768-94-5,744952-70-3
AMBENONIUM,AMBENONIUM,https://pubchem.ncbi.nlm.nih.gov/compound/2131,7648-98-8,N/A
AMBRISENTAN,AMBRISENTAN,https://pubchem.ncbi.nlm.nih.gov/compound/6918493,177036-94-1,N/A
AMBROSIA_ARTEMISIFOLIA,AMBROSIA ARTEMISIFOLIA,https://pubchem.ncbi.nlm.nih.gov/substance/483929581,N/A,N/A
AMBROSIA_PSILOSTACHYA,AMBROSIA PSILOSTACHYA,https://pubchem.ncbi.nlm.nih.gov/substance/483929190,N/A,N/A
AMCINONIDE,AMCINONIDE,N/A,N/A,N/A
AMFEPRAMONE,AMFEPRAMONE,https://pubchem.ncbi.nlm.nih.gov/compound/7029,90-84-6,N/A
AMFETAMINE,AMFETAMINE,https://pubchem.ncbi.nlm.nih.gov/compound/3007,300-62-9,"17108-96-2, 60-15-1, 96332-84-2, 96332-84-2, 60-15-1"
AMIFOSTINE,AMIFOSTINE,https://pubchem.ncbi.nlm.nih.gov/compound/2141,20537-88-6,53028-04-9
AMIKACIN,AMIKACIN,https://pubchem.ncbi.nlm.nih.gov/compound/37768,37517-28-5,"108914-65-4, 38859-32-4, 110660-81-6, 111319-93-8, 110660-83-8, 1079316-47-4, 1079316-47-4, 38859-32-4, 111319-93-8, 110660-83-8, 108914-65-4"
AMILORIDE,AMILORIDE,https://pubchem.ncbi.nlm.nih.gov/compound/16231,2609-46-3,N/A
AMINOACIDS,AMINOACIDS,https://pubchem.ncbi.nlm.nih.gov/substance/472419517,2097132-02-8,N/A
AMINOACRIDINE,AMINOACRIDINE,https://pubchem.ncbi.nlm.nih.gov/compound/1935,321-64-2,N/A
AMINOCAPROIC_ACID,AMINOCAPROIC ACID,https://pubchem.ncbi.nlm.nih.gov/compound/564,60-32-2,"87867-96-7, 93208-38-9, 1153953-92-4, 1153953-92-4, 87867-96-7, 93208-38-9, 87867-96-7, 93208-38-9"
AMINOGLUTETHIMIDE,AMINOGLUTETHIMIDE,https://pubchem.ncbi.nlm.nih.gov/compound/2145,125-84-8,N/A
AMINOLEVULINIC_ACID,AMINOLEVULINIC ACID,https://pubchem.ncbi.nlm.nih.gov/compound/137,106-60-5,1354778-41-8
AMINOPHYLLINE,AMINOPHYLLINE,https://pubchem.ncbi.nlm.nih.gov/compound/9433,317-34-0,"12767-26-9, 8013-40-9, 80186-94-3, 442519-87-1, 12767-26-9, 442519-87-1, 8013-40-9, 80186-94-3"
AMINOPYRIDINE,AMINOPYRIDINE,https://pubchem.ncbi.nlm.nih.gov/compound/1727,504-24-5,N/A
AMINOSALICYLIC_ACID,AMINOSALICYLIC ACID,https://pubchem.ncbi.nlm.nih.gov/compound/4649,65-49-6,2220148-96-7
AMIODARONE,AMIODARONE,https://pubchem.ncbi.nlm.nih.gov/compound/2157,1951-25-3,N/A
AMITRIPTYLINE,AMITRIPTYLINE,N/A,N/A,N/A
AMLEXANOX,AMLEXANOX,https://pubchem.ncbi.nlm.nih.gov/compound/2161,68302-57-8,N/A
AMLODIPINE,AMLODIPINE,https://pubchem.ncbi.nlm.nih.gov/compound/2162,88150-42-9,N/A
AMMONIA,AMMONIA,https://pubchem.ncbi.nlm.nih.gov/compound/222,7664-41-7,"208990-07-2, 214478-05-4, 8007-57-6, 558443-52-0, 1026405-88-8, 1026405-88-8, 208990-07-2, 214478-05-4, 558443-52-0, 8007-57-6, 558443-52-0, 208990-07-2, 214478-05-4, 8007-57-6, 8007-57-6"
AMMONIUM,AMMONIUM,https://pubchem.ncbi.nlm.nih.gov/compound/11057,548-62-9,"23355-47-7, 7077-31-8, 7077-31-8"
AMOBARBITAL,AMOBARBITAL,https://pubchem.ncbi.nlm.nih.gov/compound/2164,57-43-2,N/A
AMOXAPINE,AMOXAPINE,https://pubchem.ncbi.nlm.nih.gov/compound/2170,14028-44-5,N/A
AMOXICILLIN,AMOXICILLIN,https://pubchem.ncbi.nlm.nih.gov/compound/33613,26787-78-0,"81030-75-3, 33911-69-2, 71447-36-4, 1236363-38-4, 81030-75-3, 71447-36-4, 1236363-38-4"
AMPHETAMINE,AMPHETAMINE,https://pubchem.ncbi.nlm.nih.gov/compound/3007,300-62-9,"17108-96-2, 60-15-1, 96332-84-2, 96332-84-2, 60-15-1"
AMPHOTERICIN_B,AMPHOTERICIN B,https://pubchem.ncbi.nlm.nih.gov/compound/5280965,1397-89-3; 30652-87-0,"30782-62-8, 54482-28-9, 8055-20-7, 1407-52-9"
AMPICILLIN,AMPICILLIN,https://pubchem.ncbi.nlm.nih.gov/compound/6249,69-53-4,"33604-21-6, 37234-64-3, 47355-94-2, 50584-05-9, 800-79-3, 8056-87-9, 96707-69-6, 98520-55-9, 37234-64-3, 50584-05-9, 800-79-3, 33604-21-6, 96707-69-6, 98520-55-9, 47355-94-2"
AMPRENAVIR,AMPRENAVIR,https://pubchem.ncbi.nlm.nih.gov/compound/65016,161814-49-9,N/A
AMRINONE,AMRINONE,https://pubchem.ncbi.nlm.nih.gov/compound/3698,60719-84-8,N/A
AMYL_NITRITE,AMYL NITRITE,https://pubchem.ncbi.nlm.nih.gov/compound/8053,463-04-7,N/A
ANAESTHETIC_ETHER,ANAESTHETIC ETHER,https://pubchem.ncbi.nlm.nih.gov/compound/3283,60-29-7,"74446-43-8, 7578-39-4, 927820-24-4, 1480389-44-3, 1480389-44-3, 74446-43-8, 7578-39-4, 927820-24-4, 138069-19-9, 7578-39-4, 927820-24-4"
ANAGRELIDE,ANAGRELIDE,https://pubchem.ncbi.nlm.nih.gov/compound/135409400,68475-42-3,N/A
ANAKINRA,ANAKINRA,https://pubchem.ncbi.nlm.nih.gov/substance/440790644,N/A,N/A
ANANAS_COMOSUS,ANANAS COMOSUS,https://pubchem.ncbi.nlm.nih.gov/substance/482042678,N/A,N/A
ANASTROZOLE,ANASTROZOLE,https://pubchem.ncbi.nlm.nih.gov/compound/6101,104-15-4,"100901-72-2, 114213-96-6, 126033-27-0, 128739-80-0, 144647-92-7, 156627-46-2, 210357-81-6, 402-47-1, 185568-48-3, 227313-49-7, 369371-25-5, 51506-29-7, 613262-31-0, 1023356-14-0, 119314-18-0, 25231-46-3, 100901-72-2, 1023356-14-0, 114213-96-6, 119314-18-0, 126033-27-0, 128739-80-0, 144647-92-7, 156627-46-2, 185568-48-3, 210357-81-6, 227313-49-7, 2756222-57-6, 369371-25-5, 402-47-1, 51506-29-7, 613262-31-0, 126033-27-0, 51506-29-7, 185568-48-3, 100901-72-2, 114213-96-6, 156627-46-2, 144647-92-7, 25231-46-3, 613262-31-0, 210357-81-6, 128739-80-0, 227313-49-7, 369371-25-5, 1023356-14-0, 633305-48-3, 402-47-1"
ANAS_BARBARIAE,ANAS BARBARIAE,https://pubchem.ncbi.nlm.nih.gov/substance/482038726,N/A,N/A
ANDEXANET_ALFA,ANDEXANET ALFA,https://pubchem.ncbi.nlm.nih.gov/substance/483928410,N/A,N/A
ANEMONA_PULSATILLA,ANEMONA PULSATILLA,N/A,N/A,N/A
ANETHUM_GRAVEOLENS,ANETHUM GRAVEOLENS,https://pubchem.ncbi.nlm.nih.gov/substance/482042003,N/A,N/A
ANGELICA_ARCHANGELICA,ANGELICA ARCHANGELICA,https://pubchem.ncbi.nlm.nih.gov/compound/68079,482-27-9,N/A
ANGELICA_POLIMORPHA,ANGELICA POLIMORPHA,N/A,N/A,N/A
ANGIOTENSIN_2_(HUMAN),ANGIOTENSIN 2 (HUMAN),https://pubchem.ncbi.nlm.nih.gov/compound/3749,138402-11-6,N/A
ANIDULAFUNGIN,ANIDULAFUNGIN,https://pubchem.ncbi.nlm.nih.gov/compound/166548,166663-25-8,N/A
ANISINDIONE,ANISINDIONE,https://pubchem.ncbi.nlm.nih.gov/compound/2197,117-37-3,N/A
ANISTREPLASE,ANISTREPLASE,https://pubchem.ncbi.nlm.nih.gov/substance/7978711,N/A,N/A
ANTACIDS,ANTACIDS,https://pubchem.ncbi.nlm.nih.gov/compound/10112,471-34-1,"114453-69-9, 137803-94-2, 146358-95-4, 166516-01-4, 172307-27-6, 180616-31-3, 39454-55-2, 60083-79-6, 63660-97-9, 71060-88-3, 72608-12-9, 251358-28-8, 198352-33-9, 459411-10-0, 878759-26-3, 197809-38-4, 1312764-88-7, 1352815-51-0, 1437084-75-7, 148092-93-7, 1641572-50-0, 2222732-78-5, 1118543-25-1, 1883798-64-8, 1994316-62-9, 2390374-02-2, 2470702-35-1, 1118543-25-1, 114453-69-9, 1312764-88-7, 1352815-51-0, 137803-94-2, 1437084-75-7, 146358-95-4, 148092-93-7, 1641572-50-0, 166516-01-4, 172307-27-6, 180616-31-3, 1883798-64-8, 197809-38-4, 198352-33-9, 1994316-62-9, 2222732-78-5, 2390374-02-2, 2470702-35-1, 251358-28-8, 2962051-70-1, 3018125-28-2, 39454-55-2, 459411-10-0, 60083-79-6, 63660-97-9, 71060-88-3, 72608-12-9, 878759-26-3, 2358712-58-8, 2358714-65-3, 359415-48-8, 180616-31-3, 39454-55-2, 72608-12-9, 63660-97-9, 197809-38-4, 146358-95-4, 1437084-75-7, 114453-69-9, 878759-26-3, 1352815-51-0, 172307-27-6, 251358-28-8, 137803-94-2, 148092-93-7, 60083-79-6, 166516-01-4, 459411-10-0, 198352-33-9, 71060-88-3, 15187-75-4, 1317-65-3; 13397-26-7; 287389-46-2"
ANTAZOLINE,ANTAZOLINE,https://pubchem.ncbi.nlm.nih.gov/compound/2200,91-75-8,N/A
ANTHEMIS_NOBILIS,ANTHEMIS NOBILIS,https://pubchem.ncbi.nlm.nih.gov/substance/482037590,N/A,N/A
ANTHOXANTHUM_ODORATUM,ANTHOXANTHUM ODORATUM,https://pubchem.ncbi.nlm.nih.gov/substance/483932145,N/A,N/A
ANTI-ACNE_SOAP,ANTI-ACNE SOAP,https://pubchem.ncbi.nlm.nih.gov/compound/338,69-72-7,"7681-06-3, 8052-31-1, 1186130-36-8, 1186130-36-8, 7681-06-3, 8052-31-1, 8052-31-1, 1186130-36-8"
ANTI-PARASITIC,ANTI-PARASITIC,https://pubchem.ncbi.nlm.nih.gov/compound/138911340,N/A,N/A
ANTI-PSORIASIS,ANTI-PSORIASIS,https://pubchem.ncbi.nlm.nih.gov/compound/338,69-72-7,"7681-06-3, 8052-31-1, 1186130-36-8, 1186130-36-8, 7681-06-3, 8052-31-1, 8052-31-1, 1186130-36-8"
ANTIFLATULENTS,ANTIFLATULENTS,https://pubmed.ncbi.nlm.nih.gov/21337584,N/A,N/A
ANTIFUNGAL,ANTIFUNGAL,https://pubchem.ncbi.nlm.nih.gov/compound/8158,112-05-0,"2243464-06-2, 58253-02-4, 2304789-46-4"
ANTIHISTAMINES,ANTIHISTAMINES,https://pubchem.ncbi.nlm.nih.gov/compound/3100,58-73-1,2226543-89-9
ANTIMONY,ANTIMONY,https://pubchem.ncbi.nlm.nih.gov/compound/14806,1314-13-2,"185461-95-4, 56592-00-8, 57206-86-7, 78590-82-6, 8011-84-5, 8047-36-7, 8047-69-6, 8050-42-8, 8051-03-4, 143477-34-3, 1035159-71-7, 1079737-05-5, 1158650-40-8, 1328870-15-0, 1352121-28-8, 1404365-15-6, 768390-32-5, 1227055-55-1, 1434578-69-4, 1449007-65-1, 1613512-66-5, 1621460-93-2, 1629869-94-8, 1799390-27-4, 1834590-43-0, 1928718-93-7, 2082751-40-2, 2111100-94-6, 1641546-65-7, 2251116-56-8, 2257421-96-6, 2377780-57-7, 2455522-12-8, 2530009-82-4, 2567725-07-7, 2606843-55-2, 91315-44-5, 2704650-42-8, 1035159-71-7, 1079737-05-5, 1158650-40-8, 1227055-55-1, 1328870-15-0, 1352121-28-8, 1404365-15-6, 1434578-69-4, 143477-34-3, 1449007-65-1, 1613512-66-5, 1621460-93-2, 1629869-94-8, 1641546-65-7, 1799390-27-4, 1834590-43-0, 185461-95-4, 1928718-93-7, 2082751-40-2, 2111100-94-6, 2251116-56-8, 2257421-96-6, 2377780-57-7, 2455522-12-8, 2530009-82-4, 2567725-07-7, 2606843-55-2, 2704650-42-8, 2892133-77-4, 56592-00-8, 57206-86-7, 768390-32-5, 8011-84-5, 8047-36-7, 8047-69-6, 8050-42-8, 8051-03-4, 91315-44-5"
ANTIMONY_SULPHURATED,ANTIMONY SULPHURATED,https://pubchem.ncbi.nlm.nih.gov/patent/MA-18478-A1,N/A,N/A
ANTISEPTIC/DISINFECTANT_DEODORANTS,ANTISEPTIC/DISINFECTANT DEODORANTS,N/A,N/A,N/A
ANTISEPTIC/DISINFECTANT_SOLUTIONS_ANDDETERGENTS,ANTISEPTIC/DISINFECTANT SOLUTIONS ANDDETERGENTS,N/A,N/A,N/A
ANTITHROMBIN_ALFA,ANTITHROMBIN ALFA,https://pubchem.ncbi.nlm.nih.gov/substance/486329172,N/A,N/A
ANTITHROMBIN_III,ANTITHROMBIN III,https://pubchem.ncbi.nlm.nih.gov/substance/472422796,9000-94-6,N/A
APALUTAMIDE,APALUTAMIDE,https://pubchem.ncbi.nlm.nih.gov/compound/24872560,956104-40-8,1361232-32-7
APHANIZOMENON_FLO_AQUAE,APHANIZOMENON FLO AQUAE,N/A,N/A,N/A
APIS_MELLIFICA,APIS MELLIFICA,https://pubchem.ncbi.nlm.nih.gov/substance/482042350,N/A,N/A
APIUM_GRAVEOLENS,APIUM GRAVEOLENS,https://pubchem.ncbi.nlm.nih.gov/substance/482042289,N/A,N/A
APIXABAN,APIXABAN,https://pubchem.ncbi.nlm.nih.gov/compound/10182969,503612-47-3,N/A
APLIGRAF,APLIGRAF,https://pubmed.ncbi.nlm.nih.gov/10925183,N/A,N/A
APOAEQUORIN,APOAEQUORIN,https://pubchem.ncbi.nlm.nih.gov/substance/381128410,N/A,N/A
APOMORPHINE,APOMORPHINE,https://pubchem.ncbi.nlm.nih.gov/compound/5288826,57-27-2,"8053-16-5, 85201-37-2, 47106-99-0, 863713-90-0, 1325730-46-8"
APPLE_VINEGAR,APPLE VINEGAR,https://pubchem.ncbi.nlm.nih.gov/compound/338,69-72-7,"7681-06-3, 8052-31-1, 1186130-36-8, 1186130-36-8, 7681-06-3, 8052-31-1, 8052-31-1, 1186130-36-8"
APRACLONIDINE,APRACLONIDINE,https://pubchem.ncbi.nlm.nih.gov/compound/2216,66711-21-5,N/A
APREMILAST,APREMILAST,https://pubchem.ncbi.nlm.nih.gov/compound/11561674,608141-41-9,666854-78-0
APREPITANT,APREPITANT,https://pubchem.ncbi.nlm.nih.gov/compound/135413536,170729-80-3,221350-96-5
APROTININ,APROTININ,https://pubchem.ncbi.nlm.nih.gov/compound/16130295,57285-09-3,"39283-52-8, 69431-34-1, 9004-04-0, 9039-77-4, 11005-72-4, 11132-77-7"
ARABINOGALACTAN,ARABINOGALACTAN,https://pubchem.ncbi.nlm.nih.gov/compound/24847856,9036-66-2,"113956-37-9, 37280-16-3, 98530-09-7"
ARACHIS_HYPOGAEA,ARACHIS HYPOGAEA,https://pubchem.ncbi.nlm.nih.gov/substance/482026021,N/A,N/A
ARALIA_ELATA,ARALIA ELATA,https://pubchem.ncbi.nlm.nih.gov/compound/85263199,289649-54-3,N/A
ARALIA_RACEMOSA,ARALIA RACEMOSA,https://pubchem.ncbi.nlm.nih.gov/substance/483932548,N/A,N/A
ARANEUS_DIADEMATUS,ARANEUS DIADEMATUS,https://pubchem.ncbi.nlm.nih.gov/substance/483931502,N/A,N/A
ARCTIUM_LAPPA,ARCTIUM LAPPA,https://pubchem.ncbi.nlm.nih.gov/substance/482041675,N/A,N/A
ARCTOSTAPHYLOS_UVA-URSI,ARCTOSTAPHYLOS UVA-URSI,https://pubchem.ncbi.nlm.nih.gov/substance/482041792,N/A,N/A
ARDEPARIN_SODIUM,ARDEPARIN SODIUM,https://pubchem.ncbi.nlm.nih.gov/substance/481108213,N/A,N/A
ARFORMOTEROL,ARFORMOTEROL,https://pubchem.ncbi.nlm.nih.gov/compound/3083544,67346-49-0,"208102-40-3, 289657-27-8, 299964-45-7, 126587-85-7, 49861-99-6, 183814-29-1, 289657-27-8, 299964-45-7"
ARGANIA_SPINOSA,ARGANIA SPINOSA,https://pubchem.ncbi.nlm.nih.gov/substance/482041767,N/A,N/A
ARGATROBAN,ARGATROBAN,https://pubchem.ncbi.nlm.nih.gov/compound/92722,74863-84-6,N/A
ARGININE,ARGININE,N/A,N/A,N/A
ARIPIPRAZOLE,ARIPIPRAZOLE,https://pubchem.ncbi.nlm.nih.gov/compound/60795,129722-12-9,N/A
ARIPIPRAZOLE_LAUROXIL,ARIPIPRAZOLE LAUROXIL,https://pubchem.ncbi.nlm.nih.gov/compound/60795,129722-12-9,N/A
ARMODAFINIL,ARMODAFINIL,https://pubchem.ncbi.nlm.nih.gov/compound/4236,68693-11-8,112111-49-6
ARNICA_MONTANA,ARNICA MONTANA,https://pubchem.ncbi.nlm.nih.gov/substance/483930675,N/A,N/A
ARSENIC,ARSENIC,https://pubchem.ncbi.nlm.nih.gov/compound/5359596,7440-38-2,"39277-51-5, 55624-62-9, 55624-62-9, 39277-51-5"
ARTEMETHER,ARTEMETHER,https://pubchem.ncbi.nlm.nih.gov/compound/68911,71963-77-4,159573-83-8
ARTEMISIA_ABSINTHIUM,ARTEMISIA ABSINTHIUM,https://pubchem.ncbi.nlm.nih.gov/compound/442138,1362-42-1,N/A
ARTICAINE,ARTICAINE,https://pubchem.ncbi.nlm.nih.gov/compound/32170,23964-58-1,N/A
ARTIFICIAL_SWEETENERS,ARTIFICIAL SWEETENERS,https://pubchem.ncbi.nlm.nih.gov/compound/5235,7681-49-4,"39287-69-9, 59217-75-3, 67112-29-2, 2018280-11-8, 2018280-11-8, 39287-69-9, 59217-75-3, 67112-29-2, 67112-29-2, 59217-75-3"
ASCOPHYLLUM_NODOSUM,ASCOPHYLLUM NODOSUM,https://pubchem.ncbi.nlm.nih.gov/compound/92023653,N/A,N/A
ASCORBIC_ACID,ASCORBIC ACID,https://pubchem.ncbi.nlm.nih.gov/compound/54670067,50-81-7,"129940-97-2, 14536-17-5, 30208-61-8, 50976-75-5, 56172-55-5, 56533-05-2, 57304-74-2, 57606-40-3, 89924-69-6, 154170-90-8, 259133-78-3, 623158-95-2, 884381-69-5, 885512-24-3, 88845-26-5, 882690-91-7, 1018124-03-2, 1129294-89-8, 1428525-25-0, 1703051-92-6, 896436-13-8, 1018124-03-2, 1129294-89-8, 129940-97-2, 1428525-25-0, 14536-17-5, 154170-90-8, 1703051-92-6, 2252244-20-3, 259133-78-3, 2635329-14-3, 30208-61-8, 50976-75-5, 56172-55-5, 56533-05-2, 57304-74-2, 57606-40-3, 623158-95-2, 882690-91-7, 884381-69-5, 885512-24-3, 88845-26-5, 896436-13-8, 89924-69-6, 88845-26-5, 885512-24-3, 882690-91-7, 14536-17-5, 89924-69-6, 129940-97-2, 56172-55-5, 57304-74-2, 57606-40-3, 884381-69-5, 1428525-25-0, 50976-75-5, 259133-78-3, 56533-05-2, 30208-61-8, 1018124-03-2, 1703051-92-6, 154170-90-8"
ASENAPINE,ASENAPINE,https://pubchem.ncbi.nlm.nih.gov/compound/9903970,65576-45-6,N/A
ASFOTASE_ALFA,ASFOTASE ALFA,https://pubchem.ncbi.nlm.nih.gov/substance/481101517,N/A,N/A
ASPALANTHUS_LINEARIS,ASPALANTHUS LINEARIS,N/A,N/A,N/A
ASPARAGINASE,ASPARAGINASE,https://pubchem.ncbi.nlm.nih.gov/compound/436058,9015-68-3,N/A
ASPARAGUS_RACEMOSUS,ASPARAGUS RACEMOSUS,https://pubchem.ncbi.nlm.nih.gov/substance/482041609,N/A,N/A
ASPARTAME,ASPARTAME,https://pubchem.ncbi.nlm.nih.gov/compound/134601,22839-47-0,"53906-69-7, 7421-84-3, 172964-81-7, 172964-81-7, 53906-69-7, 7421-84-3, 7421-84-3, 53906-69-7"
ASPARTIC_ACID,ASPARTIC ACID,https://pubchem.ncbi.nlm.nih.gov/compound/5960,56-84-8,"181119-33-5, 6899-03-2, 2139279-07-3, 181119-34-6, 221628-95-1, 26834-87-7, 155436-59-2, 155436-61-6, 155436-63-8, 155436-65-0, 90819-17-3, 1236300-18-7, 1393950-57-6, 1436923-03-3, 2197132-19-5, 181119-33-5, 2139279-07-3, 6899-03-2, 874742-68-4, 1236300-18-7, 1393950-57-6, 1436923-03-3, 155436-59-2, 155436-61-6, 155436-63-8, 155436-65-0, 181119-34-6, 2197132-19-5, 221628-95-1, 26834-87-7, 90819-17-3, 181119-33-5"
ASTAXANTHIN,ASTAXANTHIN,https://pubchem.ncbi.nlm.nih.gov/compound/5281224,472-61-7,N/A
ASTEMIZOLE,ASTEMIZOLE,https://pubchem.ncbi.nlm.nih.gov/compound/2247,68844-77-9,N/A
ASTRAGALUS,ASTRAGALUS,https://pubchem.ncbi.nlm.nih.gov/compound/5281708,486-66-8,N/A
ATAZANAVIR,ATAZANAVIR,https://pubchem.ncbi.nlm.nih.gov/compound/148192,198904-31-3,N/A
ATENOLOL,ATENOLOL,https://pubchem.ncbi.nlm.nih.gov/compound/2249,29122-68-7,"60966-51-0, 106020-65-9"
ATEZOLIZUMAB,ATEZOLIZUMAB,https://pubchem.ncbi.nlm.nih.gov/substance/469690927,N/A,N/A
ATOMOXETINE,ATOMOXETINE,https://pubchem.ncbi.nlm.nih.gov/compound/54841,83015-26-3,N/A
ATORVASTATIN,ATORVASTATIN,https://pubchem.ncbi.nlm.nih.gov/compound/60823,134523-00-5,N/A
ATOVAQUONE,ATOVAQUONE,https://pubchem.ncbi.nlm.nih.gov/compound/74989,94015-53-9,N/A
ATRACURIUM_BESILATE,ATRACURIUM BESILATE,https://pubchem.ncbi.nlm.nih.gov/compound/47320,64228-81-5,N/A
ATROPA_BELLADONNA,ATROPA BELLADONNA,https://pubchem.ncbi.nlm.nih.gov/substance/483924624,N/A,N/A
ATROPINE,ATROPINE,https://pubchem.ncbi.nlm.nih.gov/compound/174174,51-55-8,"78597-12-3, 1445960-43-9, 1445960-43-9, 78597-12-3"
ATTAPULGITE,ATTAPULGITE,https://pubchem.ncbi.nlm.nih.gov/compound/155491311,12174-11-7,N/A
AURANOFIN,AURANOFIN,https://pubchem.ncbi.nlm.nih.gov/compound/16667669,34031-32-8,N/A
AURANTIIN,AURANTIIN,https://pubchem.ncbi.nlm.nih.gov/compound/442428,10236-47-2,"11032-31-8, 17784-35-9, 30174-44-8, 30552-25-1, 38664-96-9, 10236-69-8, 109010-50-6, 1675240-74-0, 10236-69-8, 109010-50-6, 11032-31-8, 1675240-74-0, 17784-35-9, 30174-44-8, 30552-25-1, 38664-96-9, 11032-31-8, 109010-50-6, 30552-25-1, 10236-69-8, 17784-35-9, 30174-44-8"
AUROTHIOGLUCOSE,AUROTHIOGLUCOSE,https://pubchem.ncbi.nlm.nih.gov/compound/454937,12192-57-3,N/A
AUROTHIOMALIC_ACID,AUROTHIOMALIC ACID,https://pubchem.ncbi.nlm.nih.gov/compound/422786,33796-26-8,N/A
AVANAFIL,AVANAFIL,https://pubchem.ncbi.nlm.nih.gov/compound/9869929,330784-47-9,"330785-17-6, 647841-09-6"
AVATROMBOPAG,AVATROMBOPAG,https://pubchem.ncbi.nlm.nih.gov/compound/9852519,570406-98-3,N/A
AVELUMAB,AVELUMAB,https://pubchem.ncbi.nlm.nih.gov/substance/481101526,N/A,N/A
AVENA_SATIVA,AVENA SATIVA,https://pubchem.ncbi.nlm.nih.gov/substance/483933479,N/A,N/A
AVIBACTAM,AVIBACTAM,https://pubchem.ncbi.nlm.nih.gov/compound/24944097,396731-20-7,N/A
AVOBENZONE,AVOBENZONE,https://pubchem.ncbi.nlm.nih.gov/compound/51040,70356-09-1,"87075-14-7, 185160-18-3, 112725-59-4, 112725-59-4, 185160-18-3, 87075-14-7, 112725-59-4, 185160-18-3"
AXITINIB,AXITINIB,https://pubchem.ncbi.nlm.nih.gov/compound/6450551,319460-85-0,790713-39-2
AZACITIDINE,AZACITIDINE,https://pubchem.ncbi.nlm.nih.gov/compound/9444,320-67-2,N/A
AZADIRACHTA_INDICA,AZADIRACHTA INDICA,https://pubchem.ncbi.nlm.nih.gov/compound/12313376,25990-37-8,N/A
AZATADINE,AZATADINE,https://pubchem.ncbi.nlm.nih.gov/compound/19861,3964-81-6,N/A
AZATHIOPRINE,AZATHIOPRINE,https://pubchem.ncbi.nlm.nih.gov/compound/667490,50-44-2,"5759-99-9, 5818-33-7, 5818-60-0, 39454-94-9, 5818-33-7, 5818-60-0, 39454-94-9, 111079-50-6, 5759-99-9"
AZELAIC_ACID,AZELAIC ACID,https://pubchem.ncbi.nlm.nih.gov/compound/2266,123-99-9,"1219811-33-2, 32733-99-6"
AZELASTINE,AZELASTINE,https://pubchem.ncbi.nlm.nih.gov/compound/2267,58581-89-8,153483-42-2
AZILSARTAN_MEDOXOMIL,AZILSARTAN MEDOXOMIL,https://pubchem.ncbi.nlm.nih.gov/compound/135409642,863031-21-4,N/A
AZITHROMYCIN,AZITHROMYCIN,https://pubchem.ncbi.nlm.nih.gov/compound/447043,83905-01-5,"104491-80-7, 142556-82-9, 142556-82-9"
AZTREONAM,AZTREONAM,https://pubchem.ncbi.nlm.nih.gov/compound/5742832,78110-38-0,N/A
B>-SITOSTEROL,B>-SITOSTEROL,https://pubchem.ncbi.nlm.nih.gov/compound/222284,83-46-5,"15764-35-9, 182512-23-8, 76772-70-8, 8003-23-4"
BABY_CREAMS,BABY CREAMS,https://pubmed.ncbi.nlm.nih.gov/17309372,N/A,N/A
BABY_LOTION,BABY LOTION,https://pubchem.ncbi.nlm.nih.gov/compound/702,64-17-5,"121182-78-3, 8000-16-6, 8024-45-1, 8024-45-1, 8000-16-6"
BABY_POWDER_(TALC),BABY POWDER (TALC),https://pubmed.ncbi.nlm.nih.gov/860156,N/A,N/A
BABY_SHAMPOOS,BABY SHAMPOOS,https://pubchem.ncbi.nlm.nih.gov/compound/5362487,7704-34-9,"1251749-91-3, 12673-82-4, 12684-31-0, 12767-24-7, 1819329-88-8, 56449-52-6, 56591-09-4, 56645-30-8, 57035-13-9, 63705-05-5, 7782-45-8, 8050-82-6, 81032-32-8, 97124-07-7, 56591-09-4, 57035-13-9, 12684-31-0, 63705-05-5, 97124-07-7, 56645-30-8, 12767-24-7, 8050-82-6, 56449-52-6, 81032-32-8, 7782-45-8, 7704-34-9"
BABY_SOAPS,BABY SOAPS,https://pubmed.ncbi.nlm.nih.gov/20487658,N/A,N/A
BACILLUS_COAGULANS,BACILLUS COAGULANS,https://pubchem.ncbi.nlm.nih.gov/substance/483933602,N/A,N/A
BACITRACIN,BACITRACIN,https://pubchem.ncbi.nlm.nih.gov/compound/10909430,1405-87-4,"12640-37-8, 1405-75-0, 60454-67-3"
BACLOFEN,BACLOFEN,https://pubchem.ncbi.nlm.nih.gov/compound/2284,1134-47-0,N/A
BACOPA_MONIERI,BACOPA MONIERI,https://pubmed.ncbi.nlm.nih.gov/29142420,N/A,N/A
BALOXAVIR_MARBOXIL,BALOXAVIR MARBOXIL,https://pubchem.ncbi.nlm.nih.gov/compound/124081896,1985606-14-1,N/A
BALSALAZIDE,BALSALAZIDE,https://pubchem.ncbi.nlm.nih.gov/compound/54585,80573-04-2,N/A
BAMBUSA,BAMBUSA,N/A,N/A,N/A
BANDAGES,BANDAGES,https://pubchem.ncbi.nlm.nih.gov/bioassay/370922,N/A,N/A
BARBITAL,BARBITAL,https://pubchem.ncbi.nlm.nih.gov/compound/2294,57-44-3,"145630-92-8, 53527-29-0, 6599-82-2"
BARICITINIB,BARICITINIB,https://pubchem.ncbi.nlm.nih.gov/compound/44205240,1187594-09-7,"1231199-29-3, 1374987-77-5"
BARIUM,BARIUM,https://pubchem.ncbi.nlm.nih.gov/compound/24414,7727-43-7,"12751-32-5, 8054-35-1, 1314087-22-3, 1352053-72-5, 1400694-37-2, 2095567-47-6, 12751-32-5, 1314087-22-3, 1352053-72-5, 1400694-37-2, 2095567-47-6, 8054-35-1, 2095567-47-6, 1352053-72-5, 1314087-22-3, 1400694-37-2, 8054-35-1, 29203-54-1, 13462-86-7"
BAROSMA_BETULINA,BAROSMA BETULINA,https://pubchem.ncbi.nlm.nih.gov/substance/482043156,N/A,N/A
BASILIXIMAB,BASILIXIMAB,https://pubchem.ncbi.nlm.nih.gov/substance/440790690,N/A,N/A
BATH_OIL,BATH OIL,https://pubchem.ncbi.nlm.nih.gov/substance/482028861,N/A,N/A
BAZEDOXIFENE,BAZEDOXIFENE,https://pubchem.ncbi.nlm.nih.gov/compound/154257,198481-32-2,N/A
BECAPLERMIN,BECAPLERMIN,https://pubchem.ncbi.nlm.nih.gov/substance/481101532,N/A,N/A
BECLOMETASONE,BECLOMETASONE,https://pubchem.ncbi.nlm.nih.gov/compound/21700,5534-09-8,34135-07-4
BEDAQUILINE,BEDAQUILINE,https://pubchem.ncbi.nlm.nih.gov/compound/5388906,843663-66-1,N/A
BELATACEPT,BELATACEPT,https://pubchem.ncbi.nlm.nih.gov/substance/481101534,N/A,N/A
BELIMUMAB,BELIMUMAB,https://pubchem.ncbi.nlm.nih.gov/substance/481101535,N/A,N/A
BELINOSTAT,BELINOSTAT,https://pubchem.ncbi.nlm.nih.gov/compound/6918638,866323-14-0,N/A
BELLIS,BELLIS,N/A,N/A,N/A
BENAZEPRIL,BENAZEPRIL,https://pubchem.ncbi.nlm.nih.gov/compound/5362124,86541-75-5,N/A
BENDAMUSTINE,BENDAMUSTINE,https://pubchem.ncbi.nlm.nih.gov/compound/65628,16506-27-7,N/A
BENDROFLUMETHIAZIDE,BENDROFLUMETHIAZIDE,https://pubchem.ncbi.nlm.nih.gov/compound/2315,73-48-3,96782-79-5
BENRALIZUMAB,BENRALIZUMAB,https://pubchem.ncbi.nlm.nih.gov/substance/481101536,N/A,N/A
BENTONITE,BENTONITE,https://pubchem.ncbi.nlm.nih.gov/compound/56841936,1332-58-7,"12198-85-5, 12199-11-0, 190086-05-6, 39406-22-9, 52624-41-6, 95077-05-7, 849104-81-0, 290817-34-4, 903527-69-5, 1026990-70-4, 384842-32-4, 90803-81-9, 944250-63-9, 1227491-10-2, 862272-04-6, 1227491-11-3, 2489793-92-0, 395075-09-9, 1026990-70-4, 107029-18-5, 12198-85-5, 12199-11-0, 1227491-10-2, 1227491-11-3, 190086-05-6, 2345616-52-4, 2489793-92-0, 290817-34-4, 384842-32-4, 39406-22-9, 395075-09-9, 52624-41-6, 849104-81-0, 862272-04-6, 903527-69-5, 90803-81-9, 944250-63-9, 95077-05-7"
BENTOQUATAM,BENTOQUATAM,https://pubchem.ncbi.nlm.nih.gov/compound/517273,1302-78-9,"10043-07-9, 11004-12-9, 115628-71-2, 12198-92-4, 12199-69-8, 135945-01-6, 37320-72-2, 52623-66-2, 850872-77-4, 1291095-98-1, 2169996-08-9, 868047-51-2, 2480040-72-8, 1549927-09-4"
BENZALKONIUM_CHLORIDE,BENZALKONIUM CHLORIDE,https://pubchem.ncbi.nlm.nih.gov/compound/244,100-51-6,"1336-27-2, 185532-71-2, 2263936-23-6, 2565578-76-7, 185532-71-2"
BENZATROPINE,BENZATROPINE,https://pubchem.ncbi.nlm.nih.gov/compound/1201549,86-13-5,N/A
BENZETHONIUM_CHLORIDE,BENZETHONIUM CHLORIDE,https://pubchem.ncbi.nlm.nih.gov/compound/8478,121-54-0,"39362-38-4, 324034-09-5, 324034-09-5, 39362-38-4, 39362-38-4"
BENZOCAINE,BENZOCAINE,https://pubchem.ncbi.nlm.nih.gov/compound/2337,94-09-7,"71123-91-6, 1865741-16-7, 1865741-16-7, 71123-91-6, 207464-10-6, 50935-35-8, 57972-02-8"
BENZOIC_ACID,BENZOIC ACID,https://pubchem.ncbi.nlm.nih.gov/compound/243,65-85-0,"8013-63-6, 331473-08-6, 2244876-11-5, 2244876-11-5, 331473-08-6, 8013-63-6, 8013-63-6"
BENZONATATE,BENZONATATE,https://pubchem.ncbi.nlm.nih.gov/compound/7699,104-31-4,N/A
BENZOPHENONE,BENZOPHENONE,https://pubchem.ncbi.nlm.nih.gov/compound/3102,119-61-9,"852361-03-6, 1711678-21-5, 445389-89-9, 1711678-21-5, 445389-89-9, 852361-03-6"
BENZOXIQUINE,BENZOXIQUINE,https://pubchem.ncbi.nlm.nih.gov/compound/6855,86-75-9,N/A
BENZOYL_PEROXIDE,BENZOYL PEROXIDE,https://pubchem.ncbi.nlm.nih.gov/compound/243,65-85-0,"8013-63-6, 331473-08-6, 2244876-11-5, 2244876-11-5, 331473-08-6, 8013-63-6, 8013-63-6"
BENZPHETAMINE,BENZPHETAMINE,https://pubchem.ncbi.nlm.nih.gov/compound/6267,70-47-3,"32640-57-6, 328-41-6, 7006-34-0, 328-41-6, 32640-57-6, 7006-34-0"
BENZYL_ALCOHOL,BENZYL ALCOHOL,https://pubchem.ncbi.nlm.nih.gov/compound/2345,120-51-4,N/A
BENZYL_BENZOATE,BENZYL BENZOATE,https://pubchem.ncbi.nlm.nih.gov/compound/2345,120-51-4,N/A
BEPOTASTINE,BEPOTASTINE,https://pubchem.ncbi.nlm.nih.gov/compound/164521,190786-44-8,N/A
BEPRIDIL,BEPRIDIL,https://pubchem.ncbi.nlm.nih.gov/compound/2351,64706-54-3,N/A
BERACTANT,BERACTANT,https://pubchem.ncbi.nlm.nih.gov/substance/481101538,N/A,N/A
BERBERIS_VULGARIS,BERBERIS VULGARIS,https://pubchem.ncbi.nlm.nih.gov/substance/483933991,N/A,N/A
BESIFLOXACIN,BESIFLOXACIN,https://pubchem.ncbi.nlm.nih.gov/compound/10178705,141388-76-3,N/A
BETACAROTENE,BETACAROTENE,https://pubchem.ncbi.nlm.nih.gov/compound/5280489,7235-40-7,"116-32-5, 31797-85-0, 2321332-51-6, 116-32-5, 2321332-51-6, 2519474-91-8, 31797-85-0, 116-32-5"
BETAHISTINE,BETAHISTINE,https://pubchem.ncbi.nlm.nih.gov/compound/2366,5638-76-6,N/A
BETAINE,BETAINE,https://pubchem.ncbi.nlm.nih.gov/compound/247,107-43-7,"11042-12-9, 24980-93-6, 45631-77-4, 590-30-7, 24980-93-6, 45631-77-4, 590-30-7, 11042-12-9"
BETAMETHASONE,BETAMETHASONE,https://pubchem.ncbi.nlm.nih.gov/compound/5743,50-02-2,"137098-19-2, 8054-59-9, 906422-84-2, 1050677-47-8, 906362-70-7, 1050677-47-8, 137098-19-2, 8054-59-9, 906362-70-7, 906422-84-2, 8054-59-9, 137098-19-2, 1050677-47-8, 906422-84-2"
BETAXOLOL,BETAXOLOL,https://pubchem.ncbi.nlm.nih.gov/compound/2369,63659-18-7,N/A
BETA_VULGARIS,BETA VULGARIS,https://pubchem.ncbi.nlm.nih.gov/substance/482039857,N/A,N/A
BETHANECHOL,BETHANECHOL,https://pubchem.ncbi.nlm.nih.gov/compound/11548,590-63-6,21293-39-0
BETRIXABAN,BETRIXABAN,https://pubchem.ncbi.nlm.nih.gov/compound/10275777,330942-05-7,N/A
BEVACIZUMAB,BEVACIZUMAB,https://pubchem.ncbi.nlm.nih.gov/compound/24801581,N/A,N/A
BEXAROTENE,BEXAROTENE,https://pubchem.ncbi.nlm.nih.gov/compound/82146,153559-49-0,N/A
BEZLOTOXUMAB,BEZLOTOXUMAB,https://pubchem.ncbi.nlm.nih.gov/substance/481101543,N/A,N/A
BICALUTAMIDE,BICALUTAMIDE,https://pubchem.ncbi.nlm.nih.gov/compound/2375,90357-06-5,N/A
BICTEGRAVIR,BICTEGRAVIR,https://pubchem.ncbi.nlm.nih.gov/compound/90311989,1611493-60-7,N/A
BIFIDOBACTERIUM_ANIMALIS,BIFIDOBACTERIUM ANIMALIS,https://pubchem.ncbi.nlm.nih.gov/substance/483924827,N/A,N/A
BIFIDOBACTERIUM_BIFIDUS,BIFIDOBACTERIUM BIFIDUS,https://pubchem.ncbi.nlm.nih.gov/substance/482040398,N/A,N/A
BIFIDOBACTERIUM_BREVE,BIFIDOBACTERIUM BREVE,https://pubchem.ncbi.nlm.nih.gov/substance/482040497,N/A,N/A
BIFIDOBACTERIUM_INFANTIS,BIFIDOBACTERIUM INFANTIS,https://pubchem.ncbi.nlm.nih.gov/substance/441072910,N/A,N/A
BIFIDOBACTERIUM_LONGUM,BIFIDOBACTERIUM LONGUM,https://pubchem.ncbi.nlm.nih.gov/substance/405227688,N/A,N/A
BILE,BILE,https://pubchem.ncbi.nlm.nih.gov/compound/221493,81-25-4,"10321-98-9, 116-68-7, 134353-30-3, 728917-96-2, 732303-80-9, 882740-42-3, 889875-66-5, 904791-60-2, 2222145-69-7, 2599839-19-5, 10321-98-9, 116-68-7, 134353-30-3, 2222145-69-7, 2599839-19-5, 728917-96-2, 732303-80-9, 882740-42-3, 889875-66-5, 904791-60-2, 732303-80-9, 889875-66-5, 882740-42-3, 728917-96-2, 116-68-7, 904791-60-2, 10321-98-9"
BILIARY_ACIDS,BILIARY ACIDS,https://pubchem.ncbi.nlm.nih.gov/bioassay/20700,N/A,N/A
BILIRUBIN_TESTS,BILIRUBIN TESTS,https://pubchem.ncbi.nlm.nih.gov/bioassay/1405986,N/A,N/A
BIMATOPROST,BIMATOPROST,https://pubchem.ncbi.nlm.nih.gov/compound/5311027,155206-00-1,267244-98-4
BINIMETINIB,BINIMETINIB,https://pubchem.ncbi.nlm.nih.gov/compound/10288191,606143-89-9,"1073666-70-2, 1201685-05-3, 1417448-81-7"
BIOFLAVONOIDS,BIOFLAVONOIDS,https://pubchem.ncbi.nlm.nih.gov/compound/5280805,153-18-4,"115888-40-9, 1416-01-9, 146525-66-8, 158560-09-9, 164535-43-7, 18449-50-8, 48197-72-4, 56764-99-9, 523994-24-3, 1296849-98-3, 115888-40-9, 1296849-98-3, 1416-01-9, 146525-66-8, 158560-09-9, 164535-43-7, 18449-50-8, 48197-72-4, 523994-24-3, 56764-99-9, 56764-99-9, 158560-09-9, 115888-40-9, 48197-72-4, 146525-66-8, 1296849-98-3, 523994-24-3, 18449-50-8, 164535-43-7"
BIOTIN,BIOTIN,https://pubchem.ncbi.nlm.nih.gov/compound/171548,58-85-5,"15720-24-8, 22879-79-4, 3672-05-7, 58073-87-3"
BIPERIDEN,BIPERIDEN,https://pubchem.ncbi.nlm.nih.gov/compound/241,71-43-2,"174973-66-1, 54682-86-9, 1053658-43-7, 1173023-23-8, 1053658-43-7, 1173023-23-8, 174973-66-1, 54682-86-9, 174973-66-1, 54682-86-9"
BISACODYL,BISACODYL,https://pubchem.ncbi.nlm.nih.gov/compound/2391,603-50-9,N/A
BISMUTH,BISMUTH,https://pubchem.ncbi.nlm.nih.gov/compound/697993,149-30-4,"112242-83-8, 119170-41-1, 12640-90-3, 4464-58-8, 55199-93-4, 81605-65-4, 1321-08-0, 2213445-86-2, 885216-62-6, 112242-83-8, 119170-41-1, 12640-90-3, 1321-08-0, 2213445-86-2, 4464-58-8, 55199-93-4, 81605-65-4, 885216-62-6, 12640-90-3, 1321-08-0, 55199-93-4, 119170-41-1, 112242-83-8, 4464-58-8"
BISOPROLOL,BISOPROLOL,https://pubchem.ncbi.nlm.nih.gov/compound/126,123-08-0,1187488-60-3
BITOLTEROL,BITOLTEROL,https://pubchem.ncbi.nlm.nih.gov/compound/35330,30392-40-6,N/A
BIVALIRUDIN,BIVALIRUDIN,https://pubchem.ncbi.nlm.nih.gov/compound/16129704,128270-60-0,N/A
BLEOMYCIN,BLEOMYCIN,https://pubchem.ncbi.nlm.nih.gov/compound/5360373,11056-06-7,"1400-95-9, 37208-04-1, 37293-16-6, 37353-43-8"
BLINATUMOMAB,BLINATUMOMAB,https://pubchem.ncbi.nlm.nih.gov/substance/481101544,N/A,N/A
BLOOD_COAGULATION_TEST,BLOOD COAGULATION TEST,https://pubchem.ncbi.nlm.nih.gov/bioassay/1796645,N/A,N/A
BLOOD_PLASMA,BLOOD PLASMA,https://pubchem.ncbi.nlm.nih.gov/compound/4125253,9004-54-0,"11104-36-2, 11121-03-2, 12626-85-6, 128635-03-0, 1307300-43-1, 1415795-13-9, 37224-17-2, 60454-72-0, 86280-85-5, 9013-80-3, 9044-66-0, 911319-01-2"
BOCEPREVIR,BOCEPREVIR,https://pubchem.ncbi.nlm.nih.gov/compound/10324367,394730-60-0,N/A
BORAGO_OFFICINALIS,BORAGO OFFICINALIS,https://pubchem.ncbi.nlm.nih.gov/substance/482039606,N/A,N/A
BORIC_ACID,BORIC ACID,https://pubchem.ncbi.nlm.nih.gov/compound/7628,10043-35-3; 11113-50-1,"12795-04-9, 30698-98-7, 11113-50-1, 2253722-08-4, 12795-04-9, 2253722-08-4, 30698-98-7, 30698-98-7, 12795-04-9"
BORON,BORON,https://pubchem.ncbi.nlm.nih.gov/compound/7628,10043-35-3; 11113-50-1,"12795-04-9, 30698-98-7, 11113-50-1, 2253722-08-4, 12795-04-9, 2253722-08-4, 30698-98-7, 30698-98-7, 12795-04-9"
BORTEZOMIB,BORTEZOMIB,https://pubchem.ncbi.nlm.nih.gov/compound/387447,179324-69-7,"197730-97-5, 1610526-91-4"
BOSENTAN,BOSENTAN,https://pubchem.ncbi.nlm.nih.gov/compound/104865,147536-97-8,174227-18-0
BOSUTINIB,BOSUTINIB,https://pubchem.ncbi.nlm.nih.gov/compound/5328940,380843-75-4,N/A
BOSWELLIA_SERRATIA,BOSWELLIA SERRATIA,https://pubmed.ncbi.nlm.nih.gov/31363397,N/A,N/A
BRAN,BRAN,https://pubchem.ncbi.nlm.nih.gov/compound/204,97-59-6,"37305-69-4, 5377-33-3, 58308-55-7, 5377-33-3, 58308-55-7, 37305-69-4"
BRASSICA_CAMPESTRIS,BRASSICA CAMPESTRIS,https://pubchem.ncbi.nlm.nih.gov/substance/482039183,N/A,N/A
BRASSICA_NAPUS,BRASSICA NAPUS,https://pubchem.ncbi.nlm.nih.gov/compound/100917761,173740-48-2,N/A
BRASSICA_NIGRA,BRASSICA NIGRA,https://pubchem.ncbi.nlm.nih.gov/substance/482039098,N/A,N/A
BREATH_FRESHNERS,BREATH FRESHNERS,N/A,N/A,N/A
BRENTUXIMAB_VEDOTIN,BRENTUXIMAB VEDOTIN,https://pubchem.ncbi.nlm.nih.gov/substance/481101546,N/A,N/A
BRETYLIUM,BRETYLIUM,https://pubchem.ncbi.nlm.nih.gov/compound/2431,59-41-6,N/A
BREXPIPRAZOLE,BREXPIPRAZOLE,https://pubchem.ncbi.nlm.nih.gov/compound/11978813,913611-97-9,N/A
BRIGATINIB,BRIGATINIB,https://pubchem.ncbi.nlm.nih.gov/compound/68165256,1197953-54-0,"1350848-43-9, 1574359-10-6"
BRILLIANT_GREEN,BRILLIANT GREEN,https://pubchem.ncbi.nlm.nih.gov/compound/10112,471-34-1,"114453-69-9, 137803-94-2, 146358-95-4, 166516-01-4, 172307-27-6, 180616-31-3, 39454-55-2, 60083-79-6, 63660-97-9, 71060-88-3, 72608-12-9, 251358-28-8, 198352-33-9, 459411-10-0, 878759-26-3, 197809-38-4, 1312764-88-7, 1352815-51-0, 1437084-75-7, 148092-93-7, 1641572-50-0, 2222732-78-5, 1118543-25-1, 1883798-64-8, 1994316-62-9, 2390374-02-2, 2470702-35-1, 1118543-25-1, 114453-69-9, 1312764-88-7, 1352815-51-0, 137803-94-2, 1437084-75-7, 146358-95-4, 148092-93-7, 1641572-50-0, 166516-01-4, 172307-27-6, 180616-31-3, 1883798-64-8, 197809-38-4, 198352-33-9, 1994316-62-9, 2222732-78-5, 2390374-02-2, 2470702-35-1, 251358-28-8, 2962051-70-1, 3018125-28-2, 39454-55-2, 459411-10-0, 60083-79-6, 63660-97-9, 71060-88-3, 72608-12-9, 878759-26-3, 2358712-58-8, 2358714-65-3, 359415-48-8, 180616-31-3, 39454-55-2, 72608-12-9, 63660-97-9, 197809-38-4, 146358-95-4, 1437084-75-7, 114453-69-9, 878759-26-3, 1352815-51-0, 172307-27-6, 251358-28-8, 137803-94-2, 148092-93-7, 60083-79-6, 166516-01-4, 459411-10-0, 198352-33-9, 71060-88-3, 15187-75-4, 1317-65-3; 13397-26-7; 287389-46-2"
BRIMONIDINE,BRIMONIDINE,https://pubchem.ncbi.nlm.nih.gov/compound/2435,59803-98-4,N/A
BRINZOLAMIDE,BRINZOLAMIDE,https://pubchem.ncbi.nlm.nih.gov/compound/68844,138890-62-7,N/A
BRIVARACETAM,BRIVARACETAM,https://pubchem.ncbi.nlm.nih.gov/compound/9837243,357336-20-0,N/A
BRODALUMAB,BRODALUMAB,https://pubchem.ncbi.nlm.nih.gov/substance/481101548,N/A,N/A
BROMAZINE,BROMAZINE,https://pubchem.ncbi.nlm.nih.gov/compound/2444,118-23-0,N/A
BROMELAINS,BROMELAINS,https://pubchem.ncbi.nlm.nih.gov/substance/447277102,N/A,N/A
BROMFENAC,BROMFENAC,https://pubchem.ncbi.nlm.nih.gov/compound/60726,91714-94-2,N/A
BROMINE,BROMINE,https://pubchem.ncbi.nlm.nih.gov/compound/24408,7726-95-6,23724-81-4
BROMOCRIPTINE,BROMOCRIPTINE,https://pubchem.ncbi.nlm.nih.gov/compound/31101,25614-03-3,N/A
BROMPHENIRAMINE,BROMPHENIRAMINE,https://pubchem.ncbi.nlm.nih.gov/compound/6834,86-22-6,"156428-33-0, 32188-07-1, 32188-07-1"
BRONOPOL,BRONOPOL,https://pubchem.ncbi.nlm.nih.gov/compound/2450,52-51-7,"133248-96-1, 179733-60-9, 1135443-73-0, 1135443-73-0, 133248-96-1, 179733-60-9, 133248-96-1, 179733-60-9"
BRYONIA_ALBA,BRYONIA ALBA,https://pubchem.ncbi.nlm.nih.gov/substance/483927802,N/A,N/A
BUDESONIDE,BUDESONIDE,https://pubchem.ncbi.nlm.nih.gov/compound/5281004,51333-22-3,N/A
BUMETANIDE,BUMETANIDE,https://pubchem.ncbi.nlm.nih.gov/compound/2471,28395-03-1,N/A
BUPIVACAINE,BUPIVACAINE,https://pubchem.ncbi.nlm.nih.gov/compound/5816,51-43-4,51028-73-0
BUPRENORPHINE,BUPRENORPHINE,https://pubchem.ncbi.nlm.nih.gov/compound/644073,52485-79-7,N/A
BUPROPION,BUPROPION,https://pubchem.ncbi.nlm.nih.gov/compound/444,34911-55-2,34841-39-9
BUROSUMAB,BUROSUMAB,https://pubchem.ncbi.nlm.nih.gov/substance/481101550,N/A,N/A
BUSPIRONE,BUSPIRONE,https://pubchem.ncbi.nlm.nih.gov/compound/2477,36505-84-7,N/A
BUSULFAN,BUSULFAN,https://pubchem.ncbi.nlm.nih.gov/compound/2478,55-98-1,N/A
BUTALAMINE,BUTALAMINE,https://pubchem.ncbi.nlm.nih.gov/compound/30949,22131-35-7,N/A
BUTALBITAL,BUTALBITAL,https://pubchem.ncbi.nlm.nih.gov/compound/2481,77-26-9,N/A
BUTENAFINE,BUTENAFINE,https://pubchem.ncbi.nlm.nih.gov/compound/2484,101828-21-1,N/A
BUTOCONAZOLE,BUTOCONAZOLE,https://pubchem.ncbi.nlm.nih.gov/compound/47472,64872-76-0,"67085-13-6, 85496-23-7, 85496-23-7"
BUTORPHANOL,BUTORPHANOL,https://pubchem.ncbi.nlm.nih.gov/compound/5361092,42408-82-2,N/A
BUTYLATED_HYDROXYANISOLE,BUTYLATED HYDROXYANISOLE,https://pubchem.ncbi.nlm.nih.gov/compound/8456,25013-16-5,"1341-82-8, 1336-31-8, 37349-77-2, 56587-66-7, 57534-28-8, 8003-24-5, 8041-81-4, 9009-68-1"
BUTYLCAINE,BUTYLCAINE,https://pubchem.ncbi.nlm.nih.gov/compound/2482,94-25-7,N/A
BUTYLHYDROXYTOLUOL,BUTYLHYDROXYTOLUOL,https://pubmed.ncbi.nlm.nih.gov/3125696,N/A,N/A
BUTYLPARABEN,BUTYLPARABEN,https://pubchem.ncbi.nlm.nih.gov/compound/7184,94-26-8,"8068-49-3, 1350551-41-5, 1350551-41-5, 8068-49-3"
BUTYROSPERMUM_PARKII,BUTYROSPERMUM PARKII,https://pubchem.ncbi.nlm.nih.gov/substance/482019955,N/A,N/A
C1_INHIBITOR_(HUMAN),C1 INHIBITOR (HUMAN),https://pubchem.ncbi.nlm.nih.gov/compound/3286,563-12-2,12738-47-5
CABAZITAXEL,CABAZITAXEL,https://pubchem.ncbi.nlm.nih.gov/compound/148124,114977-28-5,"129522-72-1, 216252-50-5, 216252-50-5"
CABERGOLINE,CABERGOLINE,https://pubchem.ncbi.nlm.nih.gov/compound/54746,81409-90-7,N/A
CABOZANTINIB,CABOZANTINIB,https://pubchem.ncbi.nlm.nih.gov/compound/25102847,849217-68-1,N/A
CACAO_BUTTER,CACAO BUTTER,https://pubchem.ncbi.nlm.nih.gov/substance/481180537,N/A,N/A
CADEXOMER_IODINE,CADEXOMER IODINE,https://pubchem.ncbi.nlm.nih.gov/substance/135298353,94820-09-4,N/A
CADE_OIL,CADE OIL,https://pubchem.ncbi.nlm.nih.gov/substance/482028861,N/A,N/A
CAFFEINE,CAFFEINE,https://pubchem.ncbi.nlm.nih.gov/compound/2519,58-08-2,"71701-02-5, 95789-13-2, 95789-13-2, 71701-02-5"
CAJUPUT,CAJUPUT,https://pubchem.ncbi.nlm.nih.gov/substance/483934535,N/A,N/A
CALAMINE,CALAMINE,https://pubchem.ncbi.nlm.nih.gov/compound/3007857,1314-13-2,"185461-95-4, 1352121-28-8, 1621460-93-2, 1404365-15-6, 8050-42-8, 1799390-27-4, 8011-84-5, 1613512-66-5, 8047-69-6, 1449007-65-1, 1158650-40-8, 57206-86-7, 1928718-93-7, 56592-00-8, 1079737-05-5, 768390-32-5, 1035159-71-7, 1227055-55-1, 8051-03-4, 8047-36-7, 1629869-94-8, 1328870-15-0, 143477-34-3, 1434578-69-4"
CALASPARGASE_PEGOL,CALASPARGASE PEGOL,https://pubchem.ncbi.nlm.nih.gov/substance/481101553,N/A,N/A
CALCIFEDIOL,CALCIFEDIOL,https://pubchem.ncbi.nlm.nih.gov/compound/5283731,19356-17-3,"25631-40-7, 1384584-62-6, 1384584-62-6"
CALCIPOTRIOL,CALCIPOTRIOL,https://pubchem.ncbi.nlm.nih.gov/compound/2116,10191-41-0,"16826-11-2, 181591-70-8, 25094-97-7, 364-50-1, 4072-33-7, 16826-11-2, 25094-97-7, 364-50-1, 181591-70-8, 4072-33-7"
CALCITONIN_(SALMON),CALCITONIN (SALMON),https://pubchem.ncbi.nlm.nih.gov/compound/16220016,9007-12-9,N/A
CALCITRIOL,CALCITRIOL,https://pubchem.ncbi.nlm.nih.gov/compound/5280453,32222-06-3,"125338-24-1, 69878-52-0, 1000873-74-4, 125338-24-1, 1000873-74-4"
CALCIUM,CALCIUM,https://pubchem.ncbi.nlm.nih.gov/compound/5280795,67-97-0,"8024-19-9, 8050-67-7, 8050-67-7"
CALCIUM_FOLINATE,CALCIUM FOLINATE,https://pubchem.ncbi.nlm.nih.gov/compound/135398658,59-30-3,"33609-88-0, 11096-55-2, 11096-55-2, 33609-88-0"
CALCIUM_LEVOFOLINATE,CALCIUM LEVOFOLINATE,https://pubchem.ncbi.nlm.nih.gov/compound/135402009,22350-60-3,N/A
CALCIUM_MEFOLINATE,CALCIUM MEFOLINATE,https://pubchem.ncbi.nlm.nih.gov/compound/135742689,26560-38-3,N/A
CALENDULA_OFFICINALIS,CALENDULA OFFICINALIS,https://pubchem.ncbi.nlm.nih.gov/substance/483924236,N/A,N/A
CALFACTANT,CALFACTANT,https://pubchem.ncbi.nlm.nih.gov/substance/481101554,N/A,N/A
CAMELLIA_SINENSIS,CAMELLIA SINENSIS,https://pubchem.ncbi.nlm.nih.gov/substance/482038428,N/A,N/A
CAMPESTEROL,CAMPESTEROL,N/A,N/A,N/A
CAMPHOR,CAMPHOR,https://pubchem.ncbi.nlm.nih.gov/compound/2537,76-22-2,"21368-68-3, 48113-22-0, 8013-55-6, 8022-77-3, 21368-68-3, 8013-55-6, 8022-77-3"
CANAGLIFLOZIN,CANAGLIFLOZIN,https://pubchem.ncbi.nlm.nih.gov/compound/24812758,842133-18-0,N/A
CANAKINUMAB,CANAKINUMAB,https://pubchem.ncbi.nlm.nih.gov/substance/440790483,N/A,N/A
CANDESARTAN_CILEXETIL,CANDESARTAN CILEXETIL,https://pubchem.ncbi.nlm.nih.gov/compound/2540,145040-37-5,N/A
CANDIDA_ALBICANS,CANDIDA ALBICANS,https://pubchem.ncbi.nlm.nih.gov/substance/482038367,N/A,N/A
CANDIDA_TESTS,CANDIDA TESTS,https://pubchem.ncbi.nlm.nih.gov/bioassay/368251,N/A,N/A
CANGRELOR,CANGRELOR,https://pubchem.ncbi.nlm.nih.gov/compound/9854012,163706-06-7,N/A
CANNABIDIOL,CANNABIDIOL,https://pubchem.ncbi.nlm.nih.gov/compound/644019,13956-29-1,"35542-48-4, 18436-46-9, 20547-66-4, 521-37-9"
CANTHARIDES,CANTHARIDES,https://pubchem.ncbi.nlm.nih.gov/compound/5944,56-25-7,1351357-43-1
CANTHARIDIN,CANTHARIDIN,https://pubchem.ncbi.nlm.nih.gov/compound/5944,56-25-7,1351357-43-1
CAPECITABINE,CAPECITABINE,https://pubchem.ncbi.nlm.nih.gov/compound/60953,154361-50-9,"158798-73-3, 958887-39-3"
CAPLACIZUMAB,CAPLACIZUMAB,https://pubchem.ncbi.nlm.nih.gov/substance/483929155,N/A,N/A
CAPREOMYCIN,CAPREOMYCIN,https://pubchem.ncbi.nlm.nih.gov/compound/3000502,11003-38-6,N/A
CAPROMAB,CAPROMAB,https://pubchem.ncbi.nlm.nih.gov/compound/135509147,145464-28-4,N/A
CAPSAICIN,CAPSAICIN,https://pubchem.ncbi.nlm.nih.gov/compound/1548943,404-86-4,912457-62-6
CAPSICUM,CAPSICUM,https://pubchem.ncbi.nlm.nih.gov/compound/1548943,404-86-4,912457-62-6
CAPSICUM_OLEORESIN,CAPSICUM OLEORESIN,https://pubchem.ncbi.nlm.nih.gov/compound/1548943,404-86-4,912457-62-6
CAPTOPRIL,CAPTOPRIL,https://pubchem.ncbi.nlm.nih.gov/compound/44093,62571-86-2,"138452-88-7, 70903-77-4, 225661-74-5"
CARALLUMA_FIMBRIATA,CARALLUMA FIMBRIATA,https://pubchem.ncbi.nlm.nih.gov/substance/482038648,N/A,N/A
CARAMIPHEN,CARAMIPHEN,https://pubchem.ncbi.nlm.nih.gov/compound/6472,77-22-5,N/A
CARAPA_GUIANENSIS,CARAPA GUIANENSIS,https://pubchem.ncbi.nlm.nih.gov/substance/482038596,N/A,N/A
CARBACHOL,CARBACHOL,https://pubchem.ncbi.nlm.nih.gov/compound/5831,51-83-2,N/A
CARBAMAZEPINE,CARBAMAZEPINE,https://pubchem.ncbi.nlm.nih.gov/compound/2554,298-46-4,N/A
CARBENICILLIN,CARBENICILLIN,https://pubchem.ncbi.nlm.nih.gov/compound/20824,4697-36-3,"24003-65-4, 69487-18-9, 802025-71-4, 38321-00-5, 13822-29-2"
CARBIDOPA,CARBIDOPA,https://pubchem.ncbi.nlm.nih.gov/compound/6047,59-92-7,"23734-74-9, 25525-15-9, 34241-25-3, 72572-99-7, 72573-00-3, 88250-23-1, 90638-38-3, 23734-74-9, 72572-99-7, 88250-23-1, 72573-00-3, 25525-15-9, 90638-38-3, 34241-25-3"
CARBINOXAMINE,CARBINOXAMINE,https://pubchem.ncbi.nlm.nih.gov/compound/2564,486-16-8,59811-38-0
CARBITOL,CARBITOL,https://pubchem.ncbi.nlm.nih.gov/compound/5794,51-03-6,12750-92-4
CARBOCISTEINE,CARBOCISTEINE,N/A,N/A,N/A
CARBOHYDRATES,CARBOHYDRATES,https://pubchem.ncbi.nlm.nih.gov/compound/2723872,6347-01-9,N/A
CARBOMER,CARBOMER,https://pubchem.ncbi.nlm.nih.gov/compound/6581,59913-86-9,"55927-87-2, 1265528-53-7, 1453489-99-0, 1644624-02-1, 166941-59-9, 1703019-10-6, 1873349-31-5, 2015239-27-5, 211862-52-1, 2133361-51-8, 1265528-53-7, 1453489-99-0, 1644624-02-1, 166941-59-9, 1703019-10-6, 1873349-31-5, 2015239-27-5, 211862-52-1, 2133361-51-8, 55927-87-2, 101360-15-0, 104625-85-6, 104922-39-6, 105913-47-1, 11132-69-7, 118168-84-6, 1243262-39-6, 125857-68-3, 125857-69-4, 131094-47-8, 1356242-46-0, 1422717-48-3, 1454600-56-6, 1465827-28-4, 1621008-43-2, 1621388-50-8, 1621388-51-9, 165724-08-3, 1663486-92-7, 168564-56-5, 169799-28-4, 170473-89-9, 174594-09-3, 1802847-92-2, 1854105-15-9, 2015227-48-0, 2055985-44-7, 2080340-46-9, 2169901-86-2, 223508-97-2, 2241078-05-5, 230287-43-1, 2650494-19-0, 2946725-66-0, 37241-23-9, 39341-22-5, 471251-42-0, 51142-25-7, 54578-44-8, 54990-82-8, 55492-72-3, 56747-65-0, 59233-19-1, 597551-81-0, 65742-16-7, 71767-27-6, 71767-28-7, 746620-96-2, 746620-98-4, 81031-52-9, 82446-45-5, 82446-46-6, 87913-02-8, 88650-89-9, 925683-30-3, 166941-59-9, 1873349-31-5, 1644624-02-1, 1453489-99-0, 211862-52-1, 1265528-53-7, 1703019-10-6, 2015239-27-5"
CARBONIC_ACID,CARBONIC ACID,https://pubchem.ncbi.nlm.nih.gov/compound/280,124-38-9,"18923-20-1, 957761-35-2, 1053656-66-8, 1053659-60-1, 1202865-27-7, 1173022-42-8, 1053656-66-8, 1053659-60-1, 1173022-42-8, 1202865-27-7, 18923-20-1, 957761-35-2, 1053659-60-1, 18923-20-1, 957761-35-2, 1053656-66-8"
CARBONYL_IRON,CARBONYL IRON,https://pubchem.ncbi.nlm.nih.gov/compound/23925,7439-89-6,"129048-51-7, 195161-83-2, 199281-22-6, 39344-71-3, 70884-35-4, 73135-38-3, 8011-79-8, 8053-60-9, 161135-39-3, 190454-13-8, 443783-52-6, 675141-17-0, 1867181-06-3, 2230894-10-5, 490018-39-8, 129048-51-7, 161135-39-3, 1867181-06-3, 190454-13-8, 195161-83-2, 199281-22-6, 2230894-10-5, 39344-71-3, 443783-52-6, 490018-39-8, 675141-17-0, 70884-35-4, 73135-38-3, 8011-79-8, 8053-60-9, 190454-13-8, 8011-79-8, 39344-71-3, 161135-39-3, 195161-83-2, 73135-38-3, 129048-51-7, 675141-17-0, 70884-35-4, 8053-60-9, 199281-22-6"
CARBOPLATIN,CARBOPLATIN,https://pubchem.ncbi.nlm.nih.gov/compound/426756,41575-94-4,N/A
CARBOPROST,CARBOPROST,https://pubchem.ncbi.nlm.nih.gov/compound/31101,25614-03-3,N/A
CARDIOSPERMUM,CARDIOSPERMUM,https://pubchem.ncbi.nlm.nih.gov/substance/483931051,N/A,N/A
CARFILZOMIB,CARFILZOMIB,https://pubchem.ncbi.nlm.nih.gov/compound/11556711,868540-17-4,N/A
CARGLUMIC_ACID,CARGLUMIC ACID,https://pubchem.ncbi.nlm.nih.gov/compound/121396,1188-38-1,N/A
CARICA_PAPAYA,CARICA PAPAYA,https://pubchem.ncbi.nlm.nih.gov/compound/5249653,108333-82-0,"125054-90-2, 8050-04-2, 8057-83-8, 9002-59-9, 9086-65-1"
CARINDACILLIN,CARINDACILLIN,https://pubchem.ncbi.nlm.nih.gov/compound/23676503,26605-69-6,N/A
CARIPRAZINE,CARIPRAZINE,https://pubchem.ncbi.nlm.nih.gov/compound/11154555,839712-12-8,955400-75-6
CARISOPRODOL,CARISOPRODOL,https://pubchem.ncbi.nlm.nih.gov/compound/2244,50-78-2,"11126-35-5, 11126-37-7, 2349-94-2, 26914-13-6, 98201-60-6, 2087491-38-9, 11126-35-5, 11126-37-7, 2087491-38-9, 2349-94-2, 26914-13-6, 98201-60-6, 11126-37-7, 26914-13-6, 11126-35-5, 2349-94-2"
CARMELLOSE,CARMELLOSE,https://pubchem.ncbi.nlm.nih.gov/compound/6328154,74811-65-7,"117385-93-0, 12624-09-8, 198084-97-8, 37231-14-4, 37231-15-5, 50642-44-9, 54018-17-6, 55607-96-0, 73699-63-5, 80296-93-1, 81209-86-1, 82197-79-3, 9045-95-8, 9085-26-1, 247080-55-3, 404943-62-0, 454679-81-3, 64103-90-8, 654655-39-7, 1012064-31-1, 1262215-38-2, 147881-80-9, 854036-84-3, 1296213-64-3, 1422717-46-1, 1428980-42-0, 1610028-94-8, 1610029-04-3, 2014388-59-9, 2072854-79-4, 2131127-75-6, 2228913-23-1, 2229957-39-3, 2260925-91-3, 2416156-06-2, 2459461-90-4, 2492491-76-4, 2715109-01-4, 1012064-31-1, 117385-93-0, 1262215-38-2, 12624-09-8, 1296213-64-3, 1422717-46-1, 1428980-42-0, 147881-80-9, 1610028-94-8, 1610029-04-3, 198084-97-8, 2014388-59-9, 2072854-79-4, 2131127-75-6, 2228913-23-1, 2229957-39-3, 2260925-91-3, 2416156-06-2, 2459461-90-4, 247080-55-3, 2492491-76-4, 2715109-01-4, 2904571-42-0, 2904571-43-1, 2904571-44-2, 2904571-45-3, 2904571-49-7, 2943920-31-6, 37231-14-4, 37231-15-5, 404943-62-0, 454679-81-3, 50642-44-9, 54018-17-6, 55607-96-0, 64103-90-8, 654655-39-7, 73699-63-5, 80296-93-1, 81209-86-1, 82197-79-3, 854036-84-3, 9045-95-8, 9085-26-1"
CARMUSTINE,CARMUSTINE,https://pubchem.ncbi.nlm.nih.gov/compound/2578,154-93-8,"1159711-15-5, 1191292-23-5"
CARNAUBA_WAX,CARNAUBA WAX,https://pubchem.ncbi.nlm.nih.gov/compound/47206909,8015-86-9,"174477-33-9, 2291949-29-4, 77700-48-2"
CARNOSINE,CARNOSINE,https://pubchem.ncbi.nlm.nih.gov/compound/439224,305-84-0,7683-28-5
CAROTEN,CAROTEN,https://pubchem.ncbi.nlm.nih.gov/compound/5280489,7235-40-7,"116-32-5, 31797-85-0, 2321332-51-6, 116-32-5, 2321332-51-6, 2519474-91-8, 31797-85-0, 116-32-5"
CAROTENOIDS_(UNSPECIFIED),CAROTENOIDS (UNSPECIFIED),https://pubchem.ncbi.nlm.nih.gov/compound/445354,11103-57-4,"13123-33-6, 17104-91-5, 5979-23-7, 1341-18-0, 1406-67-3, 53637-36-8, 13123-33-6, 17104-91-5, 2820400-21-1, 5979-23-7, 5979-23-7, 13123-33-6"
CARTEOLOL,CARTEOLOL,https://pubchem.ncbi.nlm.nih.gov/compound/2583,51781-06-7,N/A
CARTHAMUS_TINCTORIUS,CARTHAMUS TINCTORIUS,https://pubchem.ncbi.nlm.nih.gov/substance/483935041,N/A,N/A
CARUM_PETROSELINUM,CARUM PETROSELINUM,https://pubchem.ncbi.nlm.nih.gov/substance/482025350,N/A,N/A
CARVEDILOL,CARVEDILOL,https://pubchem.ncbi.nlm.nih.gov/compound/2585,72956-09-3,107741-96-8
CASANTHRANOL,CASANTHRANOL,https://pubchem.ncbi.nlm.nih.gov/compound/2098,8024-48-4,N/A
CASEIN,CASEIN,https://pubchem.ncbi.nlm.nih.gov/compound/6811,85-44-9,39363-63-8
CASPOFUNGIN,CASPOFUNGIN,https://pubchem.ncbi.nlm.nih.gov/compound/2826718,162808-62-0,N/A
CASTOR_FIBER,CASTOR FIBER,https://pubchem.ncbi.nlm.nih.gov/substance/482037988,N/A,N/A
CATHETERS,CATHETERS,https://pubchem.ncbi.nlm.nih.gov/bioassay/546731,N/A,N/A
CATRIDECACOG,CATRIDECACOG,https://pubchem.ncbi.nlm.nih.gov/substance/483929035,N/A,N/A
CEDAR_WOOD_OIL,CEDAR WOOD OIL,https://pubchem.ncbi.nlm.nih.gov/substance/482028917,N/A,N/A
CEDRUS_ATLANTICA,CEDRUS ATLANTICA,https://pubchem.ncbi.nlm.nih.gov/substance/482038116,N/A,N/A
CEFACLOR,CEFACLOR,https://pubchem.ncbi.nlm.nih.gov/compound/51039,53994-73-3,N/A
CEFADROXIL,CEFADROXIL,https://pubchem.ncbi.nlm.nih.gov/compound/47965,50370-12-2,N/A
CEFALEXIN,CEFALEXIN,https://pubchem.ncbi.nlm.nih.gov/compound/27447,15686-71-2,"14101-75-8, 17692-47-6, 65454-17-3, 82853-18-7"
CEFAMANDOLE,CEFAMANDOLE,https://pubchem.ncbi.nlm.nih.gov/compound/456255,34444-01-4,N/A
CEFAPIRIN,CEFAPIRIN,https://pubchem.ncbi.nlm.nih.gov/compound/30699,21593-23-7,N/A
CEFAZOLIN,CEFAZOLIN,https://pubchem.ncbi.nlm.nih.gov/compound/33255,25953-19-9,N/A
CEFDINIR,CEFDINIR,https://pubchem.ncbi.nlm.nih.gov/compound/6915944,91832-40-5,N/A
CEFDITOREN_PIVOXIL,CEFDITOREN PIVOXIL,https://pubchem.ncbi.nlm.nih.gov/compound/6437877,117467-28-4,N/A
CEFEPIME,CEFEPIME,https://pubchem.ncbi.nlm.nih.gov/compound/5479537,88040-23-7,107648-84-0
CEFIXIME,CEFIXIME,N/A,N/A,N/A
CEFMETAZOLE,CEFMETAZOLE,https://pubchem.ncbi.nlm.nih.gov/compound/23666711,56796-39-5,N/A
CEFONICID,CEFONICID,https://pubchem.ncbi.nlm.nih.gov/compound/43594,61270-58-4,N/A
CEFOPERAZONE,CEFOPERAZONE,https://pubchem.ncbi.nlm.nih.gov/compound/44187,62893-19-0,72448-63-6
CEFOTAXIME,CEFOTAXIME,https://pubchem.ncbi.nlm.nih.gov/compound/5742673,63527-52-6,69738-42-7
CEFOTETAN,CEFOTETAN,https://pubchem.ncbi.nlm.nih.gov/compound/53025,69712-56-7,N/A
CEFOXITIN,CEFOXITIN,https://pubchem.ncbi.nlm.nih.gov/compound/441199,35607-66-0,N/A
CEFPODOXIME_PROXETIL,CEFPODOXIME PROXETIL,https://pubchem.ncbi.nlm.nih.gov/compound/6526396,87239-81-4,N/A
CEFPROZIL,CEFPROZIL,https://pubchem.ncbi.nlm.nih.gov/compound/5481173,72558-82-8,N/A
CEFRADINE,CEFRADINE,https://pubchem.ncbi.nlm.nih.gov/compound/38103,38821-53-3,N/A
CEFTAROLINE_FOSAMIL,CEFTAROLINE FOSAMIL,https://pubchem.ncbi.nlm.nih.gov/compound/9852981,229016-73-3,N/A
CEFTAZIDIME,CEFTAZIDIME,https://pubchem.ncbi.nlm.nih.gov/compound/1049,110-86-1,"152758-95-7, 163392-20-9, 45410-39-7, 62301-32-0, 6999-00-4, 82005-06-9, 85404-19-9, 85404-20-2, 733733-47-6, 857961-06-9, 152758-95-7, 163392-20-9, 45410-39-7, 62301-32-0, 6999-00-4, 733733-47-6, 82005-06-9, 85404-19-9, 85404-20-2, 857961-06-9, 163392-20-9, 82005-06-9, 733733-47-6, 6999-00-4, 62301-32-0, 45410-39-7, 85404-20-2, 152758-95-7, 85404-19-9, 857961-06-9"
CEFTIBUTEN,CEFTIBUTEN,https://pubchem.ncbi.nlm.nih.gov/compound/5282242,97519-39-6,N/A
CEFTIZOXIME,CEFTIZOXIME,https://pubchem.ncbi.nlm.nih.gov/compound/6533629,68401-81-0,N/A
CEFTOLOZANE,CEFTOLOZANE,https://pubchem.ncbi.nlm.nih.gov/compound/71457955,689293-68-3,N/A
CEFTRIAXONE,CEFTRIAXONE,https://pubchem.ncbi.nlm.nih.gov/compound/5479530,73384-59-5,380149-23-5
CEFUROXIME,CEFUROXIME,https://pubchem.ncbi.nlm.nih.gov/compound/5479529,55268-75-2,153012-39-6
CEFUROXIME_AXETIL,CEFUROXIME AXETIL,https://pubchem.ncbi.nlm.nih.gov/compound/5479529,55268-75-2,153012-39-6
CELECOXIB,CELECOXIB,https://pubchem.ncbi.nlm.nih.gov/compound/2662,169590-42-5,"184007-95-2, 194044-54-7"
CELLULASE,CELLULASE,https://pubchem.ncbi.nlm.nih.gov/compound/440950,9012-54-8,"143296-48-4, 145172-25-4, 149718-64-9, 152443-09-9, 160995-61-9, 179530-34-8, 214975-89-0, 2242562-77-0, 2829271-59-0, 881098-86-8, 9037-40-5"
CELLULOSE,CELLULOSE,https://pubchem.ncbi.nlm.nih.gov/compound/1031,71-23-8,N/A
CEMIPLIMAB,CEMIPLIMAB,https://pubchem.ncbi.nlm.nih.gov/substance/481101559,N/A,N/A
CENTELLA_ASIATICA,CENTELLA ASIATICA,https://pubchem.ncbi.nlm.nih.gov/compound/119034,464-92-6,N/A
CEPHAELIS_IPECACUANHA,CEPHAELIS IPECACUANHA,https://pubchem.ncbi.nlm.nih.gov/substance/482038482,N/A,N/A
CERAMIDE,CERAMIDE,https://pubchem.ncbi.nlm.nih.gov/compound/5355130,5466-77-3,"1202568-70-4, 155867-04-2"
CERITINIB,CERITINIB,https://pubchem.ncbi.nlm.nih.gov/compound/57379345,1032900-25-6,1431456-10-8
CERIUM,CERIUM,https://pubchem.ncbi.nlm.nih.gov/compound/6334,74-98-6,"68551-21-3, 68476-51-7"
CERIVASTATIN,CERIVASTATIN,https://pubchem.ncbi.nlm.nih.gov/compound/446156,145599-86-6,N/A
CERLIPONASE_ALFA,CERLIPONASE ALFA,https://pubchem.ncbi.nlm.nih.gov/substance/481101562,N/A,N/A
