Molecule,Parsed,Link
1-2-PROPANEDIOL_DIACETATE,N,N/A
1-HEXADECANOL,I,https://pubchem.ncbi.nlm.nih.gov/compound/30165
1-OCTADECANOL,C,https://pubchem.ncbi.nlm.nih.gov/compound/5462310
2-3-(2-IODOPROPYLIDENEDIOXY)PROPANOL,O,N/A
2-OXOGLUTARIC_ACID,T,N/A
2-PHENOXYETHANOL,I,https://pubchem.ncbi.nlm.nih.gov/compound/30165
2-PROPANOL,N,https://pubchem.ncbi.nlm.nih.gov/compound/57370662
4-AMINOBUTYRIC_ACID,A,https://pubchem.ncbi.nlm.nih.gov/compound/Aluminite
7-KETO_DEHYDRANDROSTERONE,M,N/A
7-OXO-DEHYDROEPIANDROSTERONE,I,https://pubchem.ncbi.nlm.nih.gov/compound/30165
8-QUINOLINOL,D,N/A
ABACAVIR,E,N/A
ABALOPARATIDE,,
ABARELIX,,
ABATACEPT,,
ABCIXIMAB,,
ABEMACICLIB,,
ABIRATERONE_ACETATE,,
ABRUS_PRECATORIUS,,
ABSORBABLE_GELATIN/COLLAGEN_SPONGE,,
ACACIA_CATECHU,,
ACACIA_SENEGAL,,
ACALABRUTINIB,,
ACAMPROSATE,,
ACARBOSE,,
ACEBUTOLOL,,
ACEMANNAN,,
ACEPROMAZINE,,
ACESULFAME,,
ACETAZOLAMIDE,,
ACETIC_ACID,,
ACETOHEXAMIDE,,
ACETOHYDROXAMIC_ACID,,
ACETONE,,
ACETONE_(KETONE)_TESTS,,
ACETYL-L-CARNITINE,,
ACETYLCHOLINE,,
ACETYLCYSTEINE,,
ACETYLSALICYLIC_ACID,,
ACETYLSULFAFURAZOLE,,
ACHILLEA_MILLEFOLIUM,,
ACICLOVIR,,
ACITRETIN,,
ACLIDINIUM_BROMIDE,,
ACONITUM_NAPELLUS,,
ACRIVASTINE,,
ADALIMUMAB,,
ADAPALENE,,
ADEFOVIR_DIPIVOXIL,,
ADEMETIONINE,,
ADENOSINE,,
ADENOSINE_TRIPHOSPHATE,,
ADIPIODONE,,
ADRENAL_CORTEX,,
AESCULUS_HIPPOCASTANUM,,
AFATINIB,,
AFLIBERCEPT,,
AGALSIDASE_BETA,,
AGARICUS_CAMPESTRIS,,
ALANINE,,
ALATROFLOXACIN,,
ALBENDAZOLE,,
ALBIGLUTIDE,,
ALBUMIN,,
ALBUTREPENONACOG_ALFA,,
ALCAFTADINE,,
ALCLOMETASONE,,
ALDESLEUKIN,,
ALDIOXA,,
ALECTINIB,,
ALEFACEPT,,
ALEMTUZUMAB,,
ALENDRONIC_ACID,,
ALFENTANIL,,
ALFUZOSIN,,
ALGINIC_ACID,,
ALGLUCERASE,,
ALGLUCOSIDASE_ALFA,,
ALIROCUMAB,,
ALISKIREN,,
ALITRETINOIN,,
ALKYL_SULFONATES,,
ALLANTOIN,,
ALLIUM_CEPA,,
ALLIUM_SATIVUM,,
ALLOPURINOL,,
ALLYL_ISOTHIOCYANATE,,
ALMOTRIPTAN,,
ALOE_AFRICANA,,
ALOE_BARBADENSIS,,
ALOGLIPTIN,,
ALOSETRON,,
ALPHA-GALACTOSIDASE,,
ALPHA_AMYLASE,,
ALPHA_CAROTENE,,
ALPINA_GALANGA,,
ALPINIA_OFFICINARUM,,
ALPRAZOLAM,,
ALPROSTADIL,,
ALTEPLASE,,
ALTHAEA_OFFICINALIS,,
ALTRETAMINE,,
ALUMINIUM,,
ALUMINIUM_AND_MAGNESIUM,,
ALVIMOPAN,,
AMANTADINE,,
AMBENONIUM,,
AMBRISENTAN,,
AMBROSIA_ARTEMISIFOLIA,,
AMBROSIA_PSILOSTACHYA,,
AMCINONIDE,,
AMFEPRAMONE,,
AMFETAMINE,,
AMIFOSTINE,,
AMIKACIN,,
AMILORIDE,,
AMINOACIDS,,
AMINOACRIDINE,,
AMINOCAPROIC_ACID,,
AMINOGLUTETHIMIDE,,
AMINOLEVULINIC_ACID,,
AMINOPHYLLINE,,
AMINOPYRIDINE,,
AMINOSALICYLIC_ACID,,
AMIODARONE,,
AMITRIPTYLINE,,
AMLEXANOX,,
AMLODIPINE,,
AMMONIA,,
AMMONIUM,,
AMOBARBITAL,,
AMOXAPINE,,
AMOXICILLIN,,
AMPHETAMINE,,
AMPHOTERICIN_B,,
AMPICILLIN,,
AMPRENAVIR,,
AMRINONE,,
AMYL_NITRITE,,
ANAESTHETIC_ETHER,,
ANAGRELIDE,,
ANAKINRA,,
ANANAS_COMOSUS,,
ANASTROZOLE,,
ANAS_BARBARIAE,,
ANDEXANET_ALFA,,
ANEMONA_PULSATILLA,,
ANETHUM_GRAVEOLENS,,
ANGELICA_ARCHANGELICA,,
ANGELICA_POLIMORPHA,,
ANGIOTENSIN_2_(HUMAN),,
ANIDULAFUNGIN,,
ANISINDIONE,,
ANISTREPLASE,,
ANTACIDS,,
ANTAZOLINE,,
ANTHEMIS_NOBILIS,,
ANTHOXANTHUM_ODORATUM,,
ANTI-ACNE_SOAP,,
ANTI-PARASITIC,,
ANTI-PSORIASIS,,
ANTIFLATULENTS,,
ANTIFUNGAL,,
ANTIHISTAMINES,,
ANTIMONY,,
ANTIMONY_SULPHURATED,,
ANTISEPTIC/DISINFECTANT_DEODORANTS,,
ANTISEPTIC/DISINFECTANT_SOLUTIONS_ANDDETERGENTS,,
ANTITHROMBIN_ALFA,,
ANTITHROMBIN_III,,
APALUTAMIDE,,
APHANIZOMENON_FLO_AQUAE,,
APIS_MELLIFICA,,
APIUM_GRAVEOLENS,,
APIXABAN,,
APLIGRAF,,
APOAEQUORIN,,
APOMORPHINE,,
APPLE_VINEGAR,,
APRACLONIDINE,,
APREMILAST,,
APREPITANT,,
APROTININ,,
ARABINOGALACTAN,,
ARACHIS_HYPOGAEA,,
ARALIA_ELATA,,
ARALIA_RACEMOSA,,
ARANEUS_DIADEMATUS,,
ARCTIUM_LAPPA,,
ARCTOSTAPHYLOS_UVA-URSI,,
ARDEPARIN_SODIUM,,
ARFORMOTEROL,,
ARGANIA_SPINOSA,,
ARGATROBAN,,
ARGININE,,
ARIPIPRAZOLE,,
ARIPIPRAZOLE_LAUROXIL,,
ARMODAFINIL,,
ARNICA_MONTANA,,
ARSENIC,,
ARTEMETHER,,
ARTEMISIA_ABSINTHIUM,,
ARTICAINE,,
ARTIFICIAL_SWEETENERS,,
ASCOPHYLLUM_NODOSUM,,
ASCORBIC_ACID,,
ASENAPINE,,
ASFOTASE_ALFA,,
ASPALANTHUS_LINEARIS,,
ASPARAGINASE,,
ASPARAGUS_RACEMOSUS,,
ASPARTAME,,
ASPARTIC_ACID,,
ASTAXANTHIN,,
ASTEMIZOLE,,
ASTRAGALUS,,
ATAZANAVIR,,
ATENOLOL,,
ATEZOLIZUMAB,,
ATOMOXETINE,,
ATORVASTATIN,,
ATOVAQUONE,,
ATRACURIUM_BESILATE,,
ATROPA_BELLADONNA,,
ATROPINE,,
ATTAPULGITE,,
AURANOFIN,,
AURANTIIN,,
AUROTHIOGLUCOSE,,
AUROTHIOMALIC_ACID,,
AVANAFIL,,
AVATROMBOPAG,,
AVELUMAB,,
AVENA_SATIVA,,
AVIBACTAM,,
AVOBENZONE,,
AXITINIB,,
AZACITIDINE,,
AZADIRACHTA_INDICA,,
AZATADINE,,
AZATHIOPRINE,,
AZELAIC_ACID,,
AZELASTINE,,
AZILSARTAN_MEDOXOMIL,,
AZITHROMYCIN,,
AZTREONAM,,
B>-SITOSTEROL,,
BABY_CREAMS,,
BABY_LOTION,,
BABY_POWDER_(TALC),,
BABY_SHAMPOOS,,
BABY_SOAPS,,
BACILLUS_COAGULANS,,
BACITRACIN,,
BACLOFEN,,
BACOPA_MONIERI,,
BALOXAVIR_MARBOXIL,,
BALSALAZIDE,,
BAMBUSA,,
BANDAGES,,
BARBITAL,,
BARICITINIB,,
BARIUM,,
BAROSMA_BETULINA,,
BASILIXIMAB,,
BATH_OIL,,
BAZEDOXIFENE,,
BECAPLERMIN,,
BECLOMETASONE,,
BEDAQUILINE,,
BELATACEPT,,
BELIMUMAB,,
BELINOSTAT,,
BELLIS,,
BENAZEPRIL,,
BENDAMUSTINE,,
BENDROFLUMETHIAZIDE,,
BENRALIZUMAB,,
BENTONITE,,
BENTOQUATAM,,
BENZALKONIUM_CHLORIDE,,
BENZATROPINE,,
BENZETHONIUM_CHLORIDE,,
BENZOCAINE,,
BENZOIC_ACID,,
BENZONATATE,,
BENZOPHENONE,,
BENZOXIQUINE,,
BENZOYL_PEROXIDE,,
BENZPHETAMINE,,
BENZYL_ALCOHOL,,
BENZYL_BENZOATE,,
BEPOTASTINE,,
BEPRIDIL,,
BERACTANT,,
BERBERIS_VULGARIS,,
BESIFLOXACIN,,
BETACAROTENE,,
BETAHISTINE,,
BETAINE,,
BETAMETHASONE,,
BETAXOLOL,,
BETA_VULGARIS,,
BETHANECHOL,,
BETRIXABAN,,
BEVACIZUMAB,,
BEXAROTENE,,
BEZLOTOXUMAB,,
BICALUTAMIDE,,
BICTEGRAVIR,,
BIFIDOBACTERIUM_ANIMALIS,,
BIFIDOBACTERIUM_BIFIDUS,,
BIFIDOBACTERIUM_BREVE,,
BIFIDOBACTERIUM_INFANTIS,,
BIFIDOBACTERIUM_LONGUM,,
BILE,,
BILIARY_ACIDS,,
BILIRUBIN_TESTS,,
BIMATOPROST,,
BINIMETINIB,,
BIOFLAVONOIDS,,
BIOTIN,,
BIPERIDEN,,
BISACODYL,,
BISMUTH,,
BISOPROLOL,,
BITOLTEROL,,
BIVALIRUDIN,,
BLEOMYCIN,,
BLINATUMOMAB,,
BLOOD_COAGULATION_TEST,,
BLOOD_PLASMA,,
BOCEPREVIR,,
BORAGO_OFFICINALIS,,
BORIC_ACID,,
BORON,,
BORTEZOMIB,,
BOSENTAN,,
BOSUTINIB,,
BOSWELLIA_SERRATIA,,
BRAN,,
BRASSICA_CAMPESTRIS,,
BRASSICA_NAPUS,,
BRASSICA_NIGRA,,
BREATH_FRESHNERS,,
BRENTUXIMAB_VEDOTIN,,
BRETYLIUM,,
BREXPIPRAZOLE,,
BRIGATINIB,,
BRILLIANT_GREEN,,
BRIMONIDINE,,
BRINZOLAMIDE,,
BRIVARACETAM,,
BRODALUMAB,,
BROMAZINE,,
BROMELAINS,,
BROMFENAC,,
BROMINE,,
BROMOCRIPTINE,,
BROMPHENIRAMINE,,
BRONOPOL,,
BRYONIA_ALBA,,
BUDESONIDE,,
BUMETANIDE,,
BUPIVACAINE,,
BUPRENORPHINE,,
BUPROPION,,
BUROSUMAB,,
BUSPIRONE,,
BUSULFAN,,
BUTALAMINE,,
BUTALBITAL,,
BUTENAFINE,,
BUTOCONAZOLE,,
BUTORPHANOL,,
BUTYLATED_HYDROXYANISOLE,,
BUTYLCAINE,,
BUTYLHYDROXYTOLUOL,,
BUTYLPARABEN,,
BUTYROSPERMUM_PARKII,,
C1_INHIBITOR_(HUMAN),,
CABAZITAXEL,,
CABERGOLINE,,
CABOZANTINIB,,
CACAO_BUTTER,,
CADEXOMER_IODINE,,
CADE_OIL,,
CAFFEINE,,
CAJUPUT,,
CALAMINE,,
CALASPARGASE_PEGOL,,
CALCIFEDIOL,,
CALCIPOTRIOL,,
CALCITONIN_(SALMON),,
CALCITRIOL,,
CALCIUM,,
CALCIUM_FOLINATE,,
CALCIUM_LEVOFOLINATE,,
CALCIUM_MEFOLINATE,,
CALENDULA_OFFICINALIS,,
CALFACTANT,,
CAMELLIA_SINENSIS,,
CAMPESTEROL,,
CAMPHOR,,
CANAGLIFLOZIN,,
CANAKINUMAB,,
CANDESARTAN_CILEXETIL,,
CANDIDA_ALBICANS,,
CANDIDA_TESTS,,
CANGRELOR,,
CANNABIDIOL,,
CANTHARIDES,,
CANTHARIDIN,,
CAPECITABINE,,
CAPLACIZUMAB,,
CAPREOMYCIN,,
CAPROMAB,,
CAPSAICIN,,
CAPSICUM,,
CAPSICUM_OLEORESIN,,
CAPTOPRIL,,
CARALLUMA_FIMBRIATA,,
CARAMIPHEN,,
CARAPA_GUIANENSIS,,
CARBACHOL,,
CARBAMAZEPINE,,
CARBENICILLIN,,
CARBIDOPA,,
CARBINOXAMINE,,
CARBITOL,,
CARBOCISTEINE,,
CARBOHYDRATES,,
CARBOMER,,
CARBONIC_ACID,,
CARBONYL_IRON,,
CARBOPLATIN,,
CARBOPROST,,
CARDIOSPERMUM,,
CARFILZOMIB,,
CARGLUMIC_ACID,,
CARICA_PAPAYA,,
CARINDACILLIN,,
CARIPRAZINE,,
CARISOPRODOL,,
CARMELLOSE,,
CARMUSTINE,,
CARNAUBA_WAX,,
CARNOSINE,,
CAROTEN,,
CAROTENOIDS_(UNSPECIFIED),,
CARTEOLOL,,
CARTHAMUS_TINCTORIUS,,
CARUM_PETROSELINUM,,
CARVEDILOL,,
CASANTHRANOL,,
CASEIN,,
CASPOFUNGIN,,
CASTOR_FIBER,,
CATHETERS,,
CATRIDECACOG,,
CEDAR_WOOD_OIL,,
CEDRUS_ATLANTICA,,
CEFACLOR,,
CEFADROXIL,,
CEFALEXIN,,
CEFAMANDOLE,,
CEFAPIRIN,,
CEFAZOLIN,,
CEFDINIR,,
CEFDITOREN_PIVOXIL,,
CEFEPIME,,
CEFIXIME,,
CEFMETAZOLE,,
CEFONICID,,
CEFOPERAZONE,,
CEFOTAXIME,,
CEFOTETAN,,
CEFOXITIN,,
CEFPODOXIME_PROXETIL,,
CEFPROZIL,,
CEFRADINE,,
CEFTAROLINE_FOSAMIL,,
CEFTAZIDIME,,
CEFTIBUTEN,,
CEFTIZOXIME,,
CEFTOLOZANE,,
CEFTRIAXONE,,
CEFUROXIME,,
CEFUROXIME_AXETIL,,
CELECOXIB,,
CELLULASE,,
CELLULOSE,,
CEMIPLIMAB,,
CENTELLA_ASIATICA,,
CEPHAELIS_IPECACUANHA,,
CERAMIDE,,
CERITINIB,,
CERIUM,,
CERIVASTATIN,,
CERLIPONASE_ALFA,,
CERTOLIZUMAB_PEGOL,,
CETALKONIUM,,
CETIRIZINE,,
CETRIMIDE,,
CETRORELIX,,
CETUXIMAB,,
CETYLPYRIDINIUM,,
CEVIMELINE,,
CHARCOAL,,
CHELIDONIUM_MAJUS,,
CHERRY,,
CHLORAL_HYDRATE,,
CHLORAMBUCIL,,
CHLORAMPHENICOL,,
CHLORCYCLIZINE,,
CHLORDIAZEPOXIDE,,
CHLORELLA,,
CHLORHEXIDINE,,
CHLORINE,,
CHLORMETHINE,,
CHLOROBUTANOL,,
CHLOROETHANE,,
CHLOROFORM,,
CHLOROPHYLL,,
CHLOROPHYLLIN_COPPER_COMPLEX,,
CHLOROPROCAINE,,
CHLOROQUINE,,
CHLOROTHIAZIDE,,
CHLOROTHYMOL,,
CHLOROXINE,,
CHLOROXYLENOL,,
CHLORPHENAMINE,,
CHLORPHENESIN,,
CHLORPROMAZINE,,
CHLORPROPAMIDE,,
CHLORTALIDONE,,
CHLORZOXAZONE,,
CHOLESTEROL,,
CHOLESTEROL_TESTS,,
CHOLINE,,
CHOLINE_FENOFIBRATE,,
CHOLINE_THEOPHYLLINATE,,
CHONDROCYTE,,
CHONDROITINSULFURIC_ACID,,
CHONDRUS_CRISPUS,,
CHORIOGONADOTROPIN_ALFA,,
CHORIONIC_GONADOTROPHIN,,
CHROMIUM,,
CHRYSIN,,
CICLESONIDE,,
CICLOPIROX,,
CICLOSPORIN,,
CIDOFOVIR,,
CILASTATIN,,
CILOSTAZOL,,
CIMETIDINE,,
CIMICIFUGA_RACEMOSA,,
CINACALCET,,
CINCHOCAINE,,
CINEOLE,,
CINERARIA,,
CINNAMEDRINE,,
CINNAMOMUM_CAMPHORA,,
CINNAMOMUM_CASSIA,,
CINNAMOMUM_LOUREIRII,,
CINNAMOMUM_ZEYLANICUM,,
CINOXACIN,,
CINOXATE,,
CIPROFLOXACIN,,
CISAPRIDE,,
CISATRACURIUM_BESILATE,,
CISPLATIN,,
CISSUS_QUADRANGULARIS,,
CITALOPRAM,,
CITICOLINE,,
CITRIC_ACID,,
CITRONELLA_OIL,,
CITRULLINE,,
CITRULLUS_COLOCYNTHIS,,
CITRUS_AURANTIUM,,
CITRUS_BERGAMIA,,
CITRUS_DECUMANA,,
CITRUS_LIMONUM,,
CITRUS_PARADISI,,
CITRUS_SINENSIS,,
CLADRIBINE,,
CLARITHROMYCIN,,
CLAVICEPS_PURPUREA,,
CLAVULANIC_ACID,,
CLAY,,
CLEMASTINE,,
CLEVIDIPINE,,
CLIDINIUM,,
CLINDAMYCIN,,
CLIOQUINOL,,
CLOBAZAM,,
CLOBETASOL,,
CLOCORTOLONE,,
CLOFARABINE,,
CLOFAZIMINE,,
CLOFEDANOL,,
CLOFIBRATE,,
CLOMIFENE,,
CLOMIPRAMINE,,
CLONAZEPAM,,
CLONIDINE,,
CLOPIDOGREL,,
CLORAZEPIC_ACID,,
CLOSTRIDIUM_BOTULINUM_TOXIN_TYPE_A,,
CLOSTRIDIUM_BOTULINUM_TOXIN_TYPE_B,,
CLOTRIMAZOLE,,
CLOXACILLIN,,
CLOXIQUINE,,
CLOZAPINE,,
CNIDIUM,,
COAL_TAR,,
COBALT,,
COBAMAMIDE,,
COBICISTAT,,
COBIMETINIB,,
COCAINE,,
COCAMIDOPROPYL_BETAINAMIDE_MONOETHANOLAMINE,,
COCARBOXYLASE,,
COCCULUS,,
COCOS_NUCIFERA,,
CODEINE,,
CODONOPSIS,,
COD_LIVER_OIL,,
COFFEA,,
COIX_LACHRYMA-JOBI,,
COLA_ACUMINATA,,
COLA_NITIDA,,
COLCHICINE,,
COLECALCIFEROL,,
COLESEVELAM,,
COLESTIPOL,,
COLESTYRAMINE,,
COLEUS_FORSKOHLII,,
COLFOSCERIL_PALMITATE,,
COLISTIN,,
COLLAGEN,,
COLLAGENASE,,
COLLAGENASE_CLOSTRIDIUM_HISTOLYTICUM,,
COLLODIONS,,
COLOSTRUM,,
COMMIPHORA_MOLMOL,,
COMMIPHORA_WIGHTII,,
COMPOSITION_UNKNOWN,,
CONDOMS,,
CONESTAT_ALFA,,
CONIUM_MACULATUM,,
CONIVAPTAN,,
CONTRACEPTIVE_DEVICES,,
COOLING_PAD,,
COPANLISIB,,
COPPER,,
CORBADRINE,,
CORDIA_SALICIFOLIA,,
CORDYCEPS_SINENSIS_SACC,,
CORIANDRUM_SATIVUM,,
CORTICORELIN,,
CORTICOTROPIN,,
CORTISONE,,
CORYLUS_AVELLANA,,
CORYNEBACTERIUM_DIPHTHERIAE_TOXIN,,
COUGH_AND_COLD_PREPARATIONS,,
CRATAEGUS_LAEVIGATA,,
CREAMS_(BASIS),,
CREATINE,,
CREATININE,,
CREOSOTE,,
CRISABOROLE,,
CRIZOTINIB,,
CROFELEMER,,
CROMOGLICIC_ACID,,
CROTALUS_HORRIDUS,,
CROTAMITON,,
CRYOFLUORANE,,
CRYPTHECODINIUM_COHNII,,
CRYPTOXANTHIN,,
CRYSTAL_VIOLET,,
CUCUMIS_SATIVUS,,
CUCURBITA_PEPO,,
CUPRESSUS_SEMPERVIRENS,,
CURCUMA_LONGA,,
CURCUMIN,,
CYANOCOBALAMIN,,
CYCLANDELATE,,
CYCLIZINE,,
CYCLOBENZAPRINE,,
CYCLOMETHICONE,,
CYCLOPENTASILOXANE,,
CYCLOPENTOLATE,,
CYCLOPHOSPHAMIDE,,
CYCLOSERINE,,
CYNARA_SCOLYMUS,,
CYPROHEPTADINE,,
CYSTEINE,,
CYSTINE,,
CYSTOSEIRA_CANARIENSIS,,
CYTARABINE,,
D-LACTIC_ACID,,
DABIGATRAN_ETEXILATE,,
DABRAFENIB,,
DACARBAZINE,,
DACLATASVIR,,
DACLIZUMAB,,
DACOMITINIB,,
DACTINOMYCIN,,
DACTYLIS_GLOMERATA,,
DACTYLOPIUS_COCCUS,,
DALBAVANCIN,,
DALFOPRISTIN,,
DALTEPARIN_SODIUM,,
DAMOCTOCOG_ALFA_PEGOL,,
DANAPAROID,,
DANAZOL,,
DANTROLENE,,
DANTRON,,
DAPAGLIFLOZIN,,
DAPIPRAZOLE,,
DAPSONE,,
DAPTOMYCIN,,
DARATUMUMAB,,
DARBEPOETIN_ALFA,,
DARIFENACIN,,
DARUNAVIR,,
DASABUVIR,,
DASATINIB,,
DAUCUS_CAROTA,,
DAUNORUBICIN,,
DEANOL,,
DECANOIC_ACID,,
DECITABINE,,
DECONGESTANT_RUBS,,
DEFERASIROX,,
DEFERIPRONE,,
DEFEROXAMINE,,
DEFIBROTIDE,,
DEFLAZACORT,,
DEGARELIX,,
DELAFLOXACIN,,
DELAVIRDINE,,
DEMECARIUM,,
DEMECLOCYCLINE,,
DENILEUKIN_DIFTITOX,,
DENOSUMAB,,
DENTAL_FLOSS,,
DENTURE_POWDER,,
DEOXYCHOLIC_ACID,,
DEOXYRIBONUCLEASE-_NATURAL,,
DERMAGRAFT-TC,,
DERMATOPHAGOIDES_FARINAE,,
DERMATOPHAGOIDES_PTERONYSSINUS,,
DESERPIDINE,,
DESFLURANE,,
DESIPRAMINE,,
DESIRUDIN,,
DESLORATADINE,,
DESMOPRESSIN,,
DESOGESTREL,,
DESONIDE,,
DESOXIMETASONE,,
DESVENLAFAXINE,,
DEUTETRABENAZINE,,
DEXAMETHASONE,,
DEXAMFETAMINE,,
DEXBROMPHENIRAMINE,,
DEXCHLORPHENIRAMINE,,
DEXLANSOPRAZOLE,,
DEXMEDETOMIDINE,,
DEXMETHYLPHENIDATE,,
DEXPANTHENOL,,
DEXRAZOXANE,,
DEXTRAN,,
DEXTRANOMER,,
DEXTRIN,,
DEXTROMETHORPHAN,,
DEXTROPROPOXYPHENE,,
DEXTROTHYROXINE,,
DIAGNOSTIC_COLON_IMAGING_AGENT,,
DIASTASE,,
DIATRIZOIC_ACID,,
DIAZEPAM,,
DIAZOLIDINYL_UREA,,
DIAZOXIDE,,
DICHLORALPHENAZONE,,
DICHLOROACETIC_ACID,,
DICHLORODIFLUORO-METHANE,,
DICLOFENAC,,
DICLOFENAMIDE,,
DICLOXACILLIN,,
DICOUMAROL,,
DICYCLOVERINE,,
DIDANOSINE,,
DIENESTROL,,
DIENOGEST,,
DIETHYLSTILBESTROL,,
DIETHYLTOLUAMIDE,,
DIFENOXIN,,
DIFLORASONE,,
DIFLUNISAL,,
DIFLUPREDNATE,,
DIGITOXIN,,
DIGOXIN,,
DIGOXIN_SPECIFIC_ANTIBODY_FRAGMENTS,,
DIHYDROCODEINE,,
DIHYDROERGOTAMINE,,
DIHYDROERGOTOXINE,,
DIHYDROTACHYSTEROL,,
DIHYDROXYACETONE,,
DIHYDROXYALUMINIUM,,
DIIODOHYDROXYQUINOLINE,,
DILTIAZEM,,
DIMENHYDRINATE,,
DIMETHYLGLYCINE,,
DIMETHYL_FUMARATE,,
DIMETHYL_SULFONE,,
DIMETHYL_SULFOXIDE,,
DIMETICONE,,
DINOPROSTONE,,
DINUTUXIMAB,,
DIOSCOREA_VILLOSA,,
DIOSMIN,,
DIOXYBENZONE,,
DIPHENHYDRAMINE,,
DIPHENOXYLATE,,
DIPHENYLPYRALINE,,
DIPIVEFRINE,,
DIPROPHYLLINE,,
DIPROPYLENEGLYCOL,,
DIPYRIDAMOLE,,
DIRITHROMYCIN,,
DISINFECTANT_SOLUTIONS_/_DETERGENTS,,
DISOPYRAMIDE,,
DISPOSABLE_MEDICAL_DEVICES,,
DISULFIRAM,,
DITHRANOL,,
DIURETICS_AND_URINARY_PREPARATION,,
DL-LACTIC_ACID,,
DOBUTAMINE,,
DOCETAXEL,,
DOCONEXENT,,
DOCOSAHEXANOIC_ACID,,
DOCOSANOL,,
DOCOSAPENTAENOIC_ACID,,
DOCUSATE,,
DODECYL_SULFOACETIC_ACID,,
DOFETILIDE,,
DOLASETRON,,
DOLOMITE,,
DOLUTEGRAVIR,,
DOMIPHEN,,
DOMPERIDONE,,
DONEPEZIL,,
DOPAMINE,,
DORAVIRINE,,
DORIPENEM,,
DORNASE_ALFA,,
DORZOLAMIDE,,
DOXACURIUM_CHLORIDE,,
DOXAPRAM,,
DOXAZOSIN,,
DOXEPIN,,
DOXERCALCIFEROL,,
DOXORUBICIN,,
DOXYCYCLINE,,
DOXYLAMINE,,
DRAKEOL-15,,
DRAKEOL-35,,
DRESSING_STRIPS,,
DROMAIUS_NOVAEHOLLANDIAE,,
DRONABINOL,,
DRONEDARONE,,
DROPERIDOL,,
DROSERA_ROTUNDIFOLIA,,
DROSPIRENONE,,
DROTRECOGIN_ALFA_(ACTIVATED),,
DROXIDOPA,,
DULAGLUTIDE,,
DULOXETINE,,
DUPILUMAB,,
DURVALUMAB,,
DUTASTERIDE,,
DUVELISIB,,
DYCLONINE,,
DYSMENORRHEA_RELIEF,,
ECALLANTIDE,,
ECHINACEA_ANGUSTIFOLIA,,
ECHINACEA_PURPUREA,,
ECONAZOLE,,
ECOTHIOPATE,,
ECULIZUMAB,,
EDARAVONE,,
EDETIC_ACID,,
EDOXABAN,,
EDROPHONIUM,,
EFALIZUMAB,,
EFAVIRENZ,,
EFINACONAZOLE,,
EFLORNITHINE,,
EFMOROCTOCOG_ALFA,,
EFTRENONACOG_ALFA,,
ELAEIS_GUINEENSIS,,
ELAGOLIX,,
ELAPEGADEMASE,,
ELASTIN,,
ELBASVIR,,
ELECTROLYTES/REPLACERS,,
ELECTROLYTE_SOLUTIONS,,
ELETRIPTAN,,
ELETTARIA_CARDAMOMUM,,
ELEUTHEROCOCCUS_SENTICOSUS,,
ELIGLUSTAT,,
ELOSULFASE_ALFA,,
ELOTUZUMAB,,
ELTROMBOPAG,,
ELUXADOLINE,,
ELVITEGRAVIR,,
EMAPALUMAB,,
EMEDASTINE,,
EMICIZUMAB,,
EMOLLIENT,,
EMPAGLIFLOZIN,,
EMTRICITABINE,,
EMULSIFYING_WAX,,
ENALAPRIL,,
ENALAPRILAT,,
ENASIDENIB,,
ENCORAFENIB,,
ENFLURANE,,
ENFUVIRTIDE,,
ENOXACIN,,
ENOXAPARIN_SODIUM,,
ENOXOLONE,,
ENROFLOXACIN,,
ENTACAPONE,,
ENTECAVIR,,
ENZALUTAMIDE,,
ENZYME_(UNSPECIFIED),,
EPHEDRA_DISTACHYA,,
EPHEDRINE,,
EPIGALLOCATECHIN_GALLATE,,
EPIMEDIUM_GRANDIFLORUM,,
EPINASTINE,,
EPINEPHRINE,,
EPIRUBICIN,,
EPLERENONE,,
EPOETIN_ALFA,,
EPOETIN_ZETA,,
EPOPROSTENOL,,
EPROSARTAN,,
EPTACOG_ALFA_(ACTIVATED),,
EPTIFIBATIDE,,
EQUISETUM_ARVENSE,,
EQUISETUM_HIEMALE,,
ERAVACYCLINE,,
ERENUMAB,,
ERGOCALCIFEROL,,
ERGOMETRINE,,
ERGOTAMINE,,
ERIBULIN,,
ERIODICTYON_CALIFORNICUM,,
ERLOTINIB,,
ERTAPENEM,,
ERTUGLIFLOZIN,,
ERYTHROMYCIN,,
ESCITALOPRAM,,
ESKETAMINE,,
ESLICARBAZEPINE_ACETATE,,
ESMOLOL,,
ESOMEPRAZOLE,,
ESTAZOLAM,,
ESTRADIOL,,
ESTRAMUSTINE,,
ESTRIOL,,
ESTROGENIC_SUBSTANCE,,
ESTROGENIC_SUBSTANCES-_CONJUGATED,,
ESTROGENIC_SUBSTANCES-_ESTERIFIED,,
ESTRONE,,
ESZOPICLONE,,
ETACRYNIC_ACID,,
ETANERCEPT,,
ETELCALCETIDE,,
ETEPLIRSEN,,
ETHAMBUTOL,,
ETHANOL,,
ETHANOLAMINE,,
ETHCHLORVYNOL,,
ETHINYLESTRADIOL,,
ETHINYLESTRADIOL_BETADEX,,
ETHIONAMIDE,,
ETHOSUXIMIDE,,
ETHOTOIN,,
ETHYL-EICOSAPENT,,
ETHYLENE_GLYCOL,,
ETIDOCAINE,,
ETIDRONIC_ACID,,
ETODOLAC,,
ETOMIDATE,,
ETONOGESTREL,,
ETOPOSIDE,,
ETOPOSIDE_PHOSPHATE,,
ETRAVIRINE,,
ETYNODIOL,,
EUCALYPTUS_GLOBULUS,,
EUGENOL,,
EUPATORIUM_PERFOLIATUM,,
EUPATORIUM_TRIPLINERVE,,
EUPHAUSIA_SUPERBA,,
EUPHORBIA_CERIFERA,,
EUPHRASIA_OFFICINALIS,,
EUSPONGIA_OFFICINALIS,,
EUTERPE_OLERACEA,,
EVENING_PRIMROSE_OIL,,
EVEROLIMUS,,
EVODIA,,
EVOLOCUMAB,,
EXEMESTANE,,
EXENATIDE,,
EYE_BATHS,,
EYE_CREAM,,
EYE_MAKE-UP_REMOVERS,,
EZETIMIBE,,
FACIAL_CLEANSER,,
FACIAL_CREAM/LOTION,,
FACTOR_IX,,
FACTOR_VII,,
FACTOR_VIII,,
FACTOR_VIII_INHIBITOR_BYPASSING_FRACTION,,
FACTOR_VON_WILLEBRAND,,
FACTOR_X,,
FACTOR_XIII,,
FALLOPIA_JAPONICA,,
FALLOPIA_MULTIFLORA,,
FAMCICLOVIR,,
FAMOTIDINE,,
FAMPRIDINE,,
FAT,,
FATTY_ACID_(UNSPECIFIED),,
FEBUXOSTAT,,
FEEDING_BOTTLES,,
FELBAMATE,,
FELODIPINE,,
FENAMISAL,,
FENBENDAZOLE,,
FENFLURAMINE,,
FENOFIBRATE,,
FENOFIBRIC_ACID,,
FENOLDOPAM,,
FENOPROFEN,,
FENPROPOREX,,
FENTANYL,,
FERUMOXIDES,,
FERUMOXSIL,,
FERUMOXYTOL,,
FESOTERODINE,,
FEXOFENADINE,,
FIBRINOGEN,,
FIDAXOMICIN,,
FILGRASTIM,,
FINASTERIDE,,
FINGOLIMOD,,
FISH,,
FIXATIVES,,
FLAVIN-ADENINE_DINUCLEOTIDE,,
FLAVIN_MONONUCLEOTIDE,,
FLAVOCOXID,,
FLAVOXATE,,
FLECAINIDE,,
FLIBANSERIN,,
FLORBETAPIR_(18F),,
FLOXURIDINE,,
FLUCONAZOLE,,
FLUCYTOSINE,,
FLUDARABINE,,
FLUDROCORTISONE,,
FLUDROXYCORTIDE,,
FLUMAZENIL,,
FLUNISOLIDE,,
FLUOCINOLONE_ACETONIDE,,
FLUOCINONIDE,,
FLUORESCEIN,,
FLUORINE,,
FLUOROMETHOLONE,,
FLUOROURACIL,,
FLUOXETINE,,
FLUOXYMESTERONE,,
FLUPHENAZINE,,
FLURAZEPAM,,
FLURBIPROFEN,,
FLUTAMIDE,,
FLUTICASONE,,
FLUTICASONE_FUROATE,,
FLUVASTATIN,,
FLUVOXAMINE,,
FOENICULUM_VULGARE,,
FOLIC_ACID,,
FOLLICLE-STIMULATING_HORMONE,,
FOLLITROPIN_ALFA,,
FOLLITROPIN_BETA,,
FOMEPIZOLE,,
FOMIVIRSEN,,
FONDAPARINUX_SODIUM,,
FOOT_CREAMS/LOTIONS,,
FOOT_POWDERS,,
FORMALDEHYDE,,
FORMIC_ACID,,
FORMOTEROL,,
FORSYTHIA_SUSPENSA,,
FOSAMPRENAVIR,,
FOSAPREPITANT,,
FOSCARNET_SODIUM,,
FOSFESTROL,,
FOSFOMYCIN_TROMETAMOL,,
FOSINOPRIL,,
FOSPHENYTOIN,,
FOSPROPOFOL,,
FOSTAMATINIB,,
FRAGARIA_ANANASSA,,
FRAGARIA_VESCA,,
FRAXINUS_EXCELSIOR,,
FREMANEZUMAB,,
FROVATRIPTAN,,
FRUCTOOLIGSACCHARIDES,,
FRUCTOSE,,
FUCOXANTHIN,,
FUCUS_VESICULOSUS,,
FULVESTRANT,,
FUMARIA_OFFICINALIS,,
FUMARIC_ACID,,
FURAZOLIDONE,,
FUROSEMIDE,,
GABAPENTIN,,
GABAPENTIN_ENACARBIL,,
GADOBENIC_ACID,,
GADOBUTROL,,
GADODIAMIDE,,
GADOFOSVESET,,
GADOPENTETIC_ACID,,
GADOTERIC_ACID,,
GADOTERIDOL,,
GADOVERSETAMIDE,,
GADOXETIC_ACID,,
GALACTOSE,,
GALANTAMINE,,
GALCANEZUMAB,,
GALLIUM,,
GALPHIMIA_GLAUCA,,
GALSULFASE,,
GAMOLENIC_ACID,,
GANCICLOVIR,,
GANIRELIX,,
GANODERMA_APPLANATUM,,
GARCINIA_CAMBOGIA,,
GARCINIA_MANGOSTANA,,
GARDENIA,,
GASTRIC_JUICE,,
GATIFLOXACIN,,
GAULTHERIA_PROCUMBENS,,
GEFITINIB,,
GELATIN,,
GELSEMIUM_SEMPERVIRENS,,
GEMCITABINE,,
GEMFIBROZIL,,
GEMIFLOXACIN,,
GEMTUZUMAB_OZOGAMICIN,,
GENERAL_NUTRIENTS,,
GENISTEIN,,
GENTAMICIN,,
GENTIANA_LUTEA,,
GERANIUM_MACULATUM,,
GERANIUM_ROBERTIANUM,,
GILTERITINIB,,
GINKGO_BILOBA,,
GLASDEGIB,,
GLATIRAMER_ACETATE,,
GLECAPREVIR,,
GLIBENCLAMIDE,,
GLICLAZIDE,,
GLIMEPIRIDE,,
GLIPIZIDE,,
GLUCAGON,,
GLUCANASE,,
GLUCARPIDASE,,
GLUCOMANNAN,,
GLUCONIC_ACID,,
GLUCOSAMINE,,
GLUCOSE,,
GLUCOSE-_BLOOD_TESTS,,
GLUCOSE-_URINE_TESTS,,
GLUCOSE_OXIDASE,,
GLUCUROLACTONE,,
GLUTAMIC_ACID,,
GLUTAMINE,,
GLUTARAL,,
GLUTATHIONE,,
GLYCEROL,,
GLYCEROL_PHENYLBUTYRATE,,
GLYCEROPHOSPHORIC_ACID,,
GLYCERYL_MONOSTEARATE,,
GLYCINE,,
GLYCINE_MAX,,
GLYCOLIC_ACID,,
GLYCOPYRRONIUM,,
GLYCYRRHIZA_GLABRA,,
GLYCYRRHIZIC_ACID,,
GOLD,,
GOLIMUMAB,,
GONADORELIN,,
GOSERELIN,,
GOSSYPIUM_HERBACEUM,,
GRAMICIDIN,,
GRANISETRON,,
GRAPHITE,,
GRAZOPREVIR,,
GREPAFLOXACIN,,
GRIFFONIA_SIMPLICIFOLIA,,
GRIFOLA_FRONDOSA,,
GRISEOFULVIN,,
GUAIACOL,,
GUAIFENESIN,,
GUANABENZ,,
GUANADREL,,
GUANETHIDINE,,
GUANFACINE,,
GUANIDINE,,
GUAR_GUM,,
GUSELKUMAB,,
GYMNEMA_SYLVESTRE,,
HAIR_CONDITIONER,,
HALAZEPAM,,
HALCINONIDE,,
HALOPERIDOL,,
HALOTHANE,,
HAMAMELIS_VIRGINIANA,,
HANDCREAM,,
HARD_LENS_SOLUTIONS,,
HARPAGOPHYTUM_PROCUMBENS,,
HASLEA_OSTREARIA,,
HELIANTHUS_ANNUUS,,
HELODERMA_HORRIDUM,,
HEME_IRON_POLYPEPTIDE,,
HEMICELLULASE,,
HEMIN,,
HEPARIN,,
HERBAL,,
HESPERIDIN,,
HETASTARCH,,
HEXACHLOROPHENE,,
HEXAMIDINE,,
HEXAMINOLEVULINIC_ACID,,
HEXYLRESORCINOL,,
HIBISCUS,,
HISTAMINE,,
HISTIDINE,,
HISTOPLASMIN,,
HISTRELIN,,
HOMATROPINE,,
HOMATROPINE_METHYLHYDROXIDE,,
HOMOEOPATHIC_MEDICINES,,
HOMOSALATE,,
HONEY,,
HOODIA_GORDONII,,
HORDEUM_VULGARE,,
HUMAN_ALPHA1_PROTEINASE_INHIBITOR,,
HUMAN_MENOPAUSAL_GONADOTROPHIN,,
HUMULUS_LUPULUS,,
HUPERZINE_A,,
HYALURONIC_ACID,,
HYALURONIDASE,,
HYDANTOIN,,
HYDRALAZINE,,
HYDRASTIS_CANADENSIS,,
HYDROCHLORIC_ACID,,
HYDROCHLOROTHIAZIDE,,
HYDROCODONE,,
HYDROCOLLOID_DRESSING,,
HYDROCORTISONE,,
HYDROCORTISONE_BUTEPRATE,,
HYDROFLUMETHIAZIDE,,
HYDROGEN_PEROXIDE,,
HYDROGEN_PEROXIDE_UREA_DERIVATIVE,,
HYDROMORPHONE,,
HYDROQUINONE,,
HYDROXOCOBALAMIN,,
HYDROXYALKYLPHOSPHONATE,,
HYDROXYAMPHETAMINE,,
HYDROXYCARBAMIDE,,
HYDROXYCHLOROQUINE,,
HYDROXYETHYLCELLULOSE,,
HYDROXYLYSINE,,
HYDROXYPROGESTERONE,,
HYDROXYPROLINE,,
HYDROXYPROPYLCHITOSAN,,
HYDROXYTOLUIC_ACID,,
HYDROXYZINE,,
HYLAN_GEL_POLYSACCHARIDE,,
HYOSCYAMINE,,
HYPERICUM_PERFORATUM,,
HYPOCHLOROUS_ACID,,
HYPOSULFUROUS_ACID,,
HYPROLOSE,,
HYPROMELLOSE,,
HYSSOPUS_OFFICINALIS,,
IBALIZUMAB,,
IBANDRONIC_ACID,,
IBRITUMOMAB_TIUXETAN,,
IBRUTINIB,,
IBUPROFEN,,
IBUTILIDE,,
ICATIBANT,,
ICHTYOLAMMONIUM,,
ICOSAPENT,,
IDARUBICIN,,
IDARUCIZUMAB,,
IDEBENONE,,
IDELALISIB,,
IDOXURIDINE,,
IDURSULFASE,,
IFOSFAMIDE,,
ILEX_AQUIFOLIUM,,
ILEX_PARAGUARIENSIS,,
ILOPERIDONE,,
ILOPROST,,
IMATINIB,,
IMIGLUCERASE,,
IMIPENEM,,
IMIPRAMINE,,
IMIQUIMOD,,
IMMUNOGLOBULIN_ANTI-CLOSTRIDIUM_TETANI_TOXIN,,
IMMUNOGLOBULIN_ANTI-CYTOMEGALOVIRUS,,
IMMUNOGLOBULIN_ANTI-D_(RHO),,
IMMUNOGLOBULIN_ANTI-HEPATITIS_B_SURFACE_ANTIGEN,,
IMMUNOGLOBULIN_ANTI-PARAMYXOVIRUS_PAROTITIDIS,,
IMMUNOGLOBULIN_ANTI-RABIES,,
IMMUNOGLOBULIN_ANTI-THYMOCYTE,,
IMMUNOGLOBULIN_ANTI-VARICELLA-ZOSTER,,
IMMUNOGLOBULIN_ANTIVENOM_CROTALIDAE_SNAKES,,
IMMUNOGLOBULIN_ANTIVENOM_MICRURUS_FULVIUS,,
IMMUNOGLOBULIN_ANTIVENOM_SNAKES,,
IMMUNOGLOBULIN_ANTI_RESPIRATORY_SYNCYTIAL_VIRUS,,
IMMUNOGLOBULIN_BASE,,
INDACATEROL,,
INDAPAMIDE,,
INDIGO_CARMINE,,
INDINAVIR,,
INDOCYANINE_GREEN,,
INDOLE-3-CARBINOL,,
INDOMETACIN,,
INFANT_FLOURS,,
INFANT_FOOD_MODIFIED,,
INFANT_MILKS,,
INFLIXIMAB,,
INFLUENZA_NOSODE,,
INGENOL_MEBUTATE,,
INHALER_DEVICE,,
INOSITOL,,
INOSITOL_NICOTINATE,,
INOTUZUMAB_OZOGAMICIN,,
INSULIN_ASPART,,
INSULIN_ASPART_PROTAMINE_CRYSTALLINE,,
INSULIN_BOVINE_BASE,,
INSULIN_BOVINE_ISOPHANE,,
INSULIN_BOVINE_ZINC_SUSPENSION_(COMPOUND),,
INSULIN_DEGLUDEC,,
INSULIN_DETEMIR,,
INSULIN_GLARGINE,,
INSULIN_GLULISINE,,
INSULIN_HUMAN_BASE,,
INSULIN_HUMAN_ISOPHANE,,
INSULIN_HUMAN_ZINC_SUSPENSION_(COMPOUND),,
INSULIN_HUMAN_ZINC_SUSPENSION_(CRYSTALLINE),,
INSULIN_LISPRO,,
INSULIN_LISPRO_PROTAMINE,,
INSULIN_PORCINE_BASE,,
INSULIN_PORCINE_ISOPHANE,,
INSULIN_PORCINE_ZINC_SUSPENSION_(COMPOUND),,
INTERFERON_ALFA-2A,,
INTERFERON_ALFA-2B,,
INTERFERON_ALFA-N3,,
INTERFERON_ALFACON-1,,
INTERFERON_BETA-1A,,
INTERFERON_BETA-1B,,
INTERFERON_GAMMA-1B,,
INTRINSIC_FACTOR,,
INULA_RACEMOSA,,
INULIN,,
INVERTASE,,
IODINATED_POPPYSEED_OIL,,
IODINE,,
IODIXANOL,,
IODOFORM,,
IOHEXOL,,
IOPAMIDOL,,
IOPANOIC_ACID,,
IOPODIC_ACID,,
IOPROMIDE,,
IOTALAMIC_ACID,,
IOVERSOL,,
IOXAGLIC_ACID,,
IOXILAN,,
IPILIMUMAB,,
IPRATROPIUM_BROMIDE,,
IRBESARTAN,,
IRINOTECAN,,
IRON_DEXTRAN,,
IRON_FERRIC,,
IRON_FERROUS,,
IRON_METAL,,
IRON_SUCCINYL-PROTEIN_COMPLEX,,
IRVINGIA_GABONENSIS,,
ISATIS_TINCTORIA,,
ISAVUCONAZOLE,,
ISAVUCONAZONIUM,,
ISOCARBOXAZID,,
ISOETARINE,,
ISOFLURANE,,
ISOHEXADECANE,,
ISOLEUCINE,,
ISOMETHEPTENE,,
ISONIAZID,,
ISOPRENALINE,,
ISOPROPYL_MYRISTATE,,
ISOPROPYL_PALMITATE,,
ISOSORBIDE,,
ISOSORBIDE_DINITRATE,,
ISOSORBIDE_MONONITRATE,,
ISOTRETINOIN,,
ISOXSUPRINE,,
ISRADIPINE,,
ITRACONAZOLE,,
IUD-COPPER_WIRE,,
IUD-CU_WIRE_&_AG_CORE,,
IVABRADINE,,
IVACAFTOR,,
IVERMECTIN,,
IVOSIDENIB,,
IXABEPILONE,,
IXAZOMIB,,
IXEKIZUMAB,,
JOJOBA_OIL,,
JUGLANS_REGIA,,
JUNIPERUS_COMMUNIS,,
KANAMYCIN,,
KAOLIN,,
KEROSENE,,
KETAMINE,,
KETOCONAZOLE,,
KETOPROFEN,,
KETOROLAC,,
KETOTIFEN,,
KOJIC_ACID,,
L-METHIONINE,,
LABETALOL,,
LACHESIS_MUTA,,
LACOSAMIDE,,
LACTOBACILLUS_ACIDOPHILUS,,
LACTOBACILLUS_BIFIDUS,,
LACTOBACILLUS_BREVIS,,
LACTOBACILLUS_BULGARIS,,
LACTOBACILLUS_CASEI,,
LACTOBACILLUS_FERMENTUM,,
LACTOBACILLUS_GASSERI,,
LACTOBACILLUS_PARACASEI,,
LACTOBACILLUS_PLANTARUM,,
LACTOBACILLUS_REUTERI,,
LACTOBACILLUS_RHAMNOSUS,,
LACTOBACILLUS_SALIVARIUS,,
LACTOFERRIN,,
LACTOPEROXIDASE,,
LACTOSE,,
LACTUCA_VIROSA,,
LACTULOSE,,
LAGERSTROEMIA_SPECIOSA,,
LAMINARIA_JAPONICA,,
LAMIVUDINE,,
LAMOTRIGINE,,
LANADELUMAB,,
LANREOTIDE,,
LANSOPRAZOLE,,
LANTHANUM,,
LAPATINIB,,
LARONIDASE,,
LAROTRECTINIB,,
LATANOPROST,,
LATANOPROSTENE_BUNOD,,
LAURIC_ACID,,
LAUROAMPHOACETATE,,
LAURYLSULFONIC_ACID,,
LAURYLSULFURIC_ACID,,
LAURYL_ETHER_SULFATES,,
LAVANDULA_ANGUSTIFOLIA,,
LECITHIN,,
LEDIPASVIR,,
LEFLUNOMIDE,,
LENALIDOMIDE,,
LENTINULA_EDODES,,
LENVATINIB,,
LEPIDIUM_MEYENII,,
LEPIRUDIN,,
LEPTOGORGIA_VIRGULATA,,
LESINURAD,,
LETERMOVIR,,
LETROZOLE,,
LEUCINE,,
LEUPRORELIN,,
LEVACETYLMETHADOL,,
LEVAMISOLE,,
LEVETIRACETAM,,
LEVMETAMFETAMINE,,
LEVOBUNOLOL,,
LEVOBUPIVACAINE,,
LEVOCABASTINE,,
LEVOCARNITINE,,
LEVOCETIRIZINE,,
LEVODOPA,,
LEVOFLOXACIN,,
LEVOMEFOLIC_ACID,,
LEVOMENOL,,
LEVOMENTHOL,,
LEVOMILNACIPRAN,,
LEVONORGESTREL,,
LEVORPHANOL,,
LEVOSALBUTAMOL,,
LEVOTHYROXINE_SODIUM,,
LIDOCAINE,,
LIFITEGRAST,,
LIMONENE,,
LINACLOTIDE,,
LINAGLIPTIN,,
LINALOOL,,
LINCOMYCIN,,
LINDANE,,
LINEZOLID,,
LINOLEIC_ACID,,
LINOLENIC_ACID,,
LINUM_USITATISSIMUM,,
LIOTHYRONINE,,
LIPASE,,
LIPIDES,,
LIPIDS,,
LIP_PROTECTANTS,,
LIRAGLUTIDE,,
LISDEXAMFETAMINE,,
LISINOPRIL,,
LISSAMINE_GREEN,,
LITHIUM,,
LITHIUM_MAGNESIUM_SODIUM,,
LIVER,,
LIXISENATIDE,,
LOBARIA_PULMONARIA,,
LOBELIA_INFLATA,,
LODOXAMIDE,,
LOFEXIDINE,,
LOLIUM_PERENNE,,
LOMEFLOXACIN,,
LOMITAPIDE,,
LOMUSTINE,,
LONICERA,,
LONOCTOCOG_ALFA,,
LOPERAMIDE,,
LOPINAVIR,,
LORACARBEF,,
LORANTHUS_PARASITICUS,,
LORATADINE,,
LORAZEPAM,,
LORCASERIN,,
LORLATINIB,,
LOSARTAN,,
LOTEPREDNOL,,
LOTUS_CORNICULATUS,,
LOVASTATIN,,
LOW_CALORIE_FOOD,,
LOXAPINE,,
LUBIPROSTONE,,
LUBRICANTS,,
LUCINACTANT,,
LUFFA_PURGANS,,
LULICONAZOLE,,
LUMACAFTOR,,
LUMEFANTRINE,,
LURASIDONE,,
LUSUTROMBOPAG,,
LUTEINISING_HORMONE,,
LUTROPIN_ALFA,,
LYCIUM,,
LYCOPENE,,
LYCOPERSICON_ESCULENTUM,,
LYCOPODIUM,,
LYSINE,,
LYSOZYME,,
M-CRESOL,,
M-CRESYL_ACETATE,,
MACADAMIA,,
MACIMORELIN,,
MACITENTAN,,
MACROGOL(S),,
MACROGOL_STEARATE(S),,
MAFENIDE,,
MAGALDRATE,,
MAGNESIUM,,
MAGNOLIA,,
MAHONIA,,
MALATHION,,
MALIC_ACID,,
MALONIC_ACID,,
MALPIGHIA_PUNICIFOLIA,,
MALTASE,,
MALTODEXTRIN,,
MANGAFODIPIR,,
MANGANESE,,
MANNITOL,,
MAPROTILINE,,
MARAVIROC,,
MATRICARIA_CHAMOMILLA,,
MAZINDOL,,
MEBENDAZOLE,,
MECAMYLAMINE,,
MECASERMIN,,
MECASERMIN_RINFABATE,,
MECLOFENAMIC_ACID,,
MECLOZINE,,
MECOBALAMIN,,
MEDICAGO_SATIVA,,
MEDICATED_DRESSINGS,,
MEDICATED_SHAMPOOS,,
MEDICINAL_SOAP,,
MEDROXYPROGESTERONE,,
MEDRYSONE,,
MEFENAMIC_ACID,,
MEFLOQUINE,,
MEGESTROL,,
MEGLUMINE_AMIDOTRIZOATE,,
MELALEUCA_ALTERNIFOLIA,,
MELATONIN,,
MELISSA_OFFICINALIS,,
MELOXICAM,,
MELPHALAN,,
MEMANTINE,,
MENADIONE,,
MENAQUINONE-7,,
MENTHA_PIPERITA,,
MENTHA_VIRIDIS,,
MENTHOL,,
MEPACRINE,,
MEPENZOLATE,,
MEPHENESIN,,
MEPHENTERMINE,,
MEPHENYTOIN,,
MEPIVACAINE,,
MEPOLIZUMAB,,
MEPROBAMATE,,
MEPYRAMINE,,
MEQUINOL,,
MERBROMIN,,
MERCAPTAMINE,,
MERCAPTOPURINE,,
MERCUROUS_OXIDE,,
MERCURY_MERCURIC,,
MERCURY_MERCUROUS,,
MEROPENEM,,
MESALAZINE,,
MESNA,,
MESORIDAZINE,,
MESTRANOL,,
MESUXIMIDE,,
METADOXINE,,
METARAMINOL,,
METAXALONE,,
METFORMIN,,
METHACHOLINE,,
METHADONE,,
METHAMPHETAMINE,,
METHAPYRILENE,,
METHAZOLAMIDE,,
METHENAMINE,,
METHIONINE,,
METHOCARBAMOL,,
METHOHEXITAL,,
METHOTREXATE,,
METHOXAMINE,,
METHOXSALEN,,
METHOXY_POLYETHYLENE_GLYCOL-EPOETIN_BETA,,
METHYCLOTHIAZIDE,,
METHYL-5-AMINOLEVULINIC_ACID,,
METHYLANTHRANILATE,,
METHYLBENZETHONIUM,,
METHYLCELLULOSE,,
METHYLDOPA,,
METHYLDOPATE,,
METHYLENE_BLUE,,
METHYLERGOMETRINE,,
METHYLFOLATE,,
METHYLNALTREXONE_BROMIDE,,
METHYLPARABEN,,
METHYLPHENIDATE,,
METHYLPHENOBARBITAL,,
METHYLPREDNISOLONE,,
METHYLTESTOSTERONE,,
METHYLTHIONINIUM,,
METHYL_ETHER,,
METHYSERGIDE,,
METIPRANOLOL,,
METIROSINE,,
METOCLOPRAMIDE,,
METOLAZONE,,
METOPROLOL,,
METRELEPTIN,,
METRONIDAZOLE,,
METYRAPONE,,
MEXILETINE,,
MEZLOCILLIN,,
MIBEFRADIL,,
MICAFUNGIN,,
MICONAZOLE,,
MICROFIBRILLAR_COLLAGEN_HEMOSTAT,,
MIDAZOLAM,,
MIDODRINE,,
MIDOSTAURIN,,
MIFEPRISTONE,,
MIGLITOL,,
MIGLUSTAT,,
MILK_SERUM_PROTEIN,,
MILNACIPRAN,,
MILRINONE,,
MILTEFOSINE,,
MINERALS,,
MINOCYCLINE,,
MINOXIDIL,,
MIPOMERSEN,,
MIRABEGRON,,
MIRTAZAPINE,,
MISC.ALLERGENS_(PATIENT_REQUIREMENT),,
MISCELLANEOUS_URINE_TESTS,,
MISOPROSTOL,,
MITOMYCIN,,
MITOTANE,,
MITOXANTRONE,,
MIVACURIUM_CHLORIDE,,
MODAFINIL,,
MOEXIPRIL,,
MOGAMULIZUMAB,,
MOLINDONE,,
MOLYBDENUM,,
MOMETASONE,,
MONASCUS_PURPUREUS,,
MONOBENZONE,,
MONOCHLOROACETIC_ACID,,
MONOETHANOLAMINE_OLEATE,,
MONOFLUOROPHOSPHORIC_ACID,,
MONTELUKAST,,
MORACIZINE,,
MORINDA_CITRIFOLIA,,
MOROCTOCOG_ALFA,,
MORPHINE,,
MORRHUIC_ACID,,
MOUTH_WASHES/RINSES,,
MOXETUMOMAB_PASUDOTOX,,
MOXIFLOXACIN,,
MUCOR_RACEMOSUS,,
MULTIPLE_URINE_TESTS,,
MULTIVITAMINS,,
MULTIVITAMINS_AND_MINERALS,,
MUPIROCIN,,
MUROMONAB-CD3,,
MYCOPHENOLATE_MOFETIL,,
MYCOPHENOLIC_ACID,,
MYOSOTIS_ARVENSIS,,
MYRCIARIA_DUBIA,,
MYRICA_CERIFERA,,
MYRISTICA_FRAGANS,,
N-ACETYL-L-TYROSIN,,
N-ACETYLGLUCOSAMINE,,
N-ACETYLTYROSINE,,
N-LAUROYLSARCOSINE,,
N6-FURFURYLADENINE,,
NABILONE,,
NABUMETONE,,
NADIDE,,
NADOLOL,,
NAFARELIN,,
NAFCILLIN,,
NAFTIFINE,,
NALBUPHINE,,
NALDEMEDINE,,
NALIDIXIC_ACID,,
NALMEFENE,,
NALOXEGOL,,
NALOXONE,,
NALTREXONE,,
NANDROLONE,,
NAPHAZOLINE,,
NAPROXEN,,
NARATRIPTAN,,
NASAL_DECONGESTANTS,,
NASTURTIUM_OFFICINALE,,
NATALIZUMAB,,
NATAMYCIN,,
NATEGLINIDE,,
NEBIVOLOL,,
NECITUMUMAB,,
NEDOCROMIL,,
NEFAZODONE,,
NELARABINE,,
NELFINAVIR,,
NEOMYCIN,,
NEOSTIGMINE,,
NEPAFENAC,,
NEPETA_CATARIA,,
NERATINIB,,
NESIRITIDE,,
NETARSUDIL,,
NETUPITANT,,
NEVIRAPINE,,
NICARDIPINE,,
NICKEL,,
NICOTINAMIDE,,
NICOTINE,,
NICOTINIC_ACID,,
NIFEDIPINE,,
NILOTINIB,,
NILUTAMIDE,,
NIMODIPINE,,
NINTEDANIB,,
NIRAPARIB,,
NISOLDIPINE,,
NITAZOXANIDE,,
NITRIC_ACID,,
NITROFURAL,,
NITROFURANTOIN,,
NITROGLYCERIN,,
NITROPRUSSIDE,,
NITROUS_ACID,,
NITROUS_OXIDE,,
NIVOLUMAB,,
NIZATIDINE,,
NON-ALLERGENIC_SOAPS,,
NON-DISPOSABLE_MEDICAL_DEVICE,,
NONACOG_ALFA,,
NONACOG_BETA_PEGOL,,
NONACOG_GAMMA,,
NONOXINOL_9,,
NON_MEDICATED_EYE_DROPS,,
NON_MEDICATED_SHAMPOOS,,
NON_PHARMACEUTICAL_INGREDIENT,,
NORACYMETHADOL,,
NORELGESTROMIN,,
NOREPINEPHRINE,,
NORETHISTERONE,,
NORFLOXACIN,,
NORFLURANE,,
NORGESTERONE,,
NORGESTIMATE,,
NORGESTREL,,
NORTRIPTYLINE,,
NOVANTISOLIC_ACID,,
NOVOBIOCIN,,
NUSINERSEN,,
NUTRITIONAL_SUPPLEMENTS,,
NYSTATIN,,
O-PHTHALALDEHYDE,,
OBETICHOLIC_ACID,,
OBINUTUZUMAB,,
OCCULT_BLOOD_TESTS,,
OCIMUM_BASILICUM,,
OCRELIZUMAB,,
OCRIPLASMIN,,
OCTACOSANOL,,
OCTANOIC_ACID,,
OCTINOXATE,,
OCTOCOG_ALFA,,
OCTOCRILENE,,
OCTOXINOL,,
OCTOXYNOL,,
OCTREOTIDE,,
OCTYL_SALICYLATE,,
OFATUMUMAB,,
OFLOXACIN,,
OFTASCEINE,,
OLANZAPINE,,
OLAPARIB,,
OLARATUMAB,,
OLEA_EUROPEA,,
OLEIC_ACID,,
OLEYL_ALCOHOL,,
OLIBANUM,,
OLMESARTAN_MEDOXOMIL,,
OLODATEROL,,
OLOPATADINE,,
OLSALAZINE,,
OMACETAXINE_MEPESUCCINATE,,
OMADACYCLINE,,
OMALIZUMAB,,
OMBITASVIR,,
OMEGA-3_ACID_ETHYL_ESTERS,,
OMEPRAZOLE,,
ONDANSETRON,,
OPIUM,,
OPRELVEKIN,,
OPUNTIA_FICUS-INDICA,,
ORCIPRENALINE,,
ORIGANUM_VULGARE,,
ORITAVANCIN,,
ORLISTAT,,
ORNIDAZOLE,,
ORPHENADRINE,,
OSELTAMIVIR,,
OSIMERTINIB,,
OSPEMIFENE,,
OTHERS,,
OTHER_BLOOD_TESTS,,
OTHER_CLEANSING_AGENTS,,
OTHER_CONTACT_LENS_SOLUTIONS,,
OTHER_FOOT_PREPARATIONS,,
OTHER_ORAL_HYGIENE_PREPARATIONS,,
OTHER_TESTS,,
OUABAIN,,
OVALBUMIN,,
OVULATION_TEST,,
OXACILLIN,,
OXALIC_ACID,,
OXALIPLATIN,,
OXANDROLONE,,
OXAPROZIN,,
OXAZEPAM,,
OXCARBAZEPINE,,
OXEDRINE,,
OXICONAZOLE,,
OXIDISED_CELLULOSE,,
OXIGLUTATIONE,,
OXITRIPTAN,,
OXYBENZONE,,
OXYBUPROCAINE,,
OXYBUTYNIN,,
OXYCHLOROSENE,,
OXYCODONE,,
OXYMETAZOLINE,,
OXYMETHOLONE,,
OXYMORPHONE,,
OXYTETRACYCLINE,,
OXYTOCIN,,
P-AMINOBENZOIC_ACID,,
P-ANISIC_ACID,,
P-HYDROXYBENZOIC_ACID,,
P-PENTYLOXYPHENOL,,
P-PHENOLSULFONIC_ACID,,
PACLITAXEL,,
PADIMATE_O,,
PALBOCICLIB,,
PALIFERMIN,,
PALIPERIDONE,,
PALIPERIDONE_PALMITATE,,
PALIVIZUMAB,,
PALMARIA_PALMATA,,
PALMITIC_ACID,,
PALONOSETRON,,
PAMABROM,,
PAMIDRONIC_ACID,,
PANAX_GINSENG,,
PANAX_QUINQUEFOLIUS,,
PANCREAS,,
PANCREATIN,,
PANCRELIPASE,,
PANCURONIUM,,
PANITUMUMAB,,
PANOBINOSTAT,,
PANTETHINE,,
PANTHENOL,,
PANTOPRAZOLE,,
PANTOTHENIC_ACID,,
PAPAIN,,
PAPAVERINE,,
PARACETAMOL,,
PARAFFIN_OIL,,
PARATHYROID_HORMONE,,
PARICALCITOL,,
PARITAPREVIR,,
PAROMOMYCIN,,
PAROXETINE,,
PASIREOTIDE,,
PASSIFLORA_INCARNATA,,
PATIROMER_CALCIUM,,
PATISIRAN,,
PAULLINIA_CUPANA,,
PAZOPANIB,,
PECTIN,,
PEGADEMASE,,
PEGAPTANIB,,
PEGASPARGASE,,
PEGFILGRASTIM,,
PEGINESATIDE,,
PEGINTERFERON_ALFA-2A,,
PEGINTERFERON_ALFA-2B,,
PEGINTERFERON_BETA-1A,,
PEGLOTICASE,,
PEGVALIASE,,
PEGVISOMANT,,
PELARGONIUM_SIDOIDES,,
PEMBROLIZUMAB,,
PEMETREXED,,
PEMIROLAST,,
PEMOLINE,,
PENBUTOLOL,,
PENCICLOVIR,,
PENICILLAMINE,,
PENICILLIN_G,,
PENICILLIN_V,,
PENTAFLUOROPROPANE,,
PENTAMIDINE,,
PENTANE-1-5-DIOL,,
PENTAZOCINE,,
PENTETIC_ACID,,
PENTETRAZOLE,,
PENTOBARBITAL,,
PENTOSAN_POLYSULFATE_SODIUM,,
PENTOSTATIN,,
PENTOXIFYLLINE,,
PENTOXYVERINE,,
PEPSIN,,
PEPTONE,,
PERAMIVIR,,
PERAMPANEL,,
PERBORIC_ACID,,
PERFLUTREN,,
PERGOLIDE,,
PERILLA_FRUTESCENS,,
PERINDOPRIL,,
PERMETHRIN,,
PEROXIDASE,,
PERPHENAZINE,,
PERSEA_GRATISSIMA,,
PERTUZUMAB,,
PERU_BALSAM,,
PETASITES_HYBRIDUS,,
PETASITES_OFFICINALIS,,
PETHIDINE,,
PETROLEUM_CYCLIC_AROMATIC_HYDROCARBONS,,
PHASEOLUS_VULGARIS,,
PHENAZONE,,
PHENAZOPYRIDINE,,
PHENDIMETRAZINE,,
PHENELZINE,,
PHENETHYLAMINE,,
PHENINDAMINE,,
PHENIRAMINE,,
PHENOBARBITAL,,
PHENOL,,
PHENOLPHTHALEIN,,
PHENOXYBENZAMINE,,
PHENTERMINE,,
PHENTOLAMINE,,
PHENYLALANINE,,
PHENYLBUTYRATE,,
PHENYLEPHRINE,,
PHENYLETHYLACETIC_ACID,,
PHENYLMETHYLSILICON,,
PHENYLPROPANOLAMINE,,
PHENYLTOLOXAMINE,,
PHENYTOIN,,
PHLEUM_PRATENSE,,
PHOENIX_DACTYLIFERA,,
PHOSPHATIDYLETHANOLAMINE,,
PHOSPHATIDYL_SERINE,,
PHOSPHOLIPIDS,,
PHOSPHORIC_ACID,,
PHOSPHORUS,,
PHYLLANTHUS_EMBLICA,,
PHYSETER_MACROCEPHALUS,,
PHYSOSTIGMINE,,
PHYTIC_ACID,,
PHYTOLACCA,,
PHYTOMENADIONE,,
PHYTOSPHINGOSINE,,
PHYTOSTEROLS_(UNSPECIFIED),,
PIBRENTASVIR,,
PICOLINIC_ACID,,
PICOSULFURIC_ACID,,
PICRORRHIZA_KURROA,,
PIDOLIC_ACID,,
PILOCARPINE,,
PILOCARPUS_JABORANDI,,
PIMAVANSERIN,,
PIMECROLIMUS,,
PIMOBENDAN,,
PIMOZIDE,,
PIMPINELLA_ANISUM,,
PINDOLOL,,
PINUS_MUGO_PUMILIO,,
PINUS_PINASTER,,
PINUS_STROBUS,,
PINUS_SYLVESTRIS,,
PIOGLITAZONE,,
PIPECURONIUM_BROMIDE,,
PIPERACILLIN,,
PIPERAZINE_ESTRONE_SULFATE,,
PIPERONYL_BUTOXIDE,,
PIPER_LONGUM,,
PIPER_METHYSTICUM,,
PIPER_NIGRUM,,
PIRACETAM,,
PIRBUTEROL,,
PIRFENIDONE,,
PIROCTONE,,
PIROXICAM,,
PITAVASTATIN,,
PLACEBO,,
PLANTAGO_MAJOR,,
PLANTAGO_OVATA,,
PLANTAGO_PSYLLIUM,,
PLASMIN,,
PLAZOMICIN,,
PLECANATIDE,,
PLERIXAFOR,,
PLICAMYCIN,,
POA_PRATENSIS,,
PODOFILOX,,
PODOPHYLLIN,,
PODOPHYLLUM_PELTATUM,,
POLICOSANOL,,
POLIDOCANOL,,
POLIGLUSAM,,
POLLEN,,
POLOXALKOL,,
POLOXAMER,,
POLOXAMER_407,,
POLOXAMINE,,
POLY(DIVINYLBENZOL-STYROLSULFONIC_ACID),,
POLYAMINOPROPYL_BIGUANIDE,,
POLYCARBOPHIL,,
POLYDEXTROSE,,
POLYETHYLENE,,
POLYGALA_SENEGA,,
POLYGONUM_FAGOPYRUM,,
POLYMYXIN_B,,
POLYPODIUM_LEUCOTOMOS,,
POLYQUAD,,
POLYSACCHARIDE_(UNSPECIFIED),,
POLYSORBATE(S),,
POLYSORBATE_20,,
POLYSORBATE_60,,
POLYSORBATE_80,,
POLYSTYRENE_SULFONATE,,
POLYTHIAZIDE,,
POLYURETHANE,,
POLYVALENT_CROTALID_FAB_ANTIVENIN,,
POLYVINYL_ALCOHOL,,
POMALIDOMIDE,,
PONATINIB,,
PONAZURIL,,
PORACTANT_ALFA,,
PORFIMER_SODIUM,,
PORTULACA_OLERACEA,,
POSACONAZOLE,,
POTASSIUM,,
POTASSIUM_PERMANGANATE,,
POVIDONE,,
POVIDONE-IODINE,,
PRALATREXATE,,
PRALIDOXIME,,
PRAMIPEXOLE,,
PRAMLINTIDE,,
PRAMOCAINE,,
PRASTERONE,,
PRASUGREL,,
PRAVASTATIN,,
PRAZIQUANTEL,,
PRAZOSIN,,
PREDNICARBATE,,
PREDNISOLONE,,
PREDNISONE,,
PREGABALIN,,
PREGNANCY_TESTS,,
PREGNENOLONE,,
PREPARED_STORAX,,
PRILOCAINE,,
PRIMAQUINE,,
PRIMIDONE,,
PRIMULA_VERIS,,
PROBENECID,,
PROBIOTICS,,
PROCAINAMIDE,,
PROCAINE,,
PROCARBAZINE,,
PROCHLORPERAZINE,,
PROCYCLIDINE,,
PROFLAVINE,,
PROGESTERONE,,
PROGUANIL,,
PROLINE,,
PROMETHAZINE,,
PROPAFENONE,,
PROPANE,,
PROPANTHELINE,,
PROPANTHELINE_HYDROXIDE,,
PROPIONIC_ACID,,
PROPOFOL,,
PROPOLIS,,
PROPRANOLOL,,
PROPYLENE_GLYCOL,,
PROPYLHEXEDRINE,,
PROPYLPARABEN,,
PROPYLTHIOURACIL,,
PROTAMINE,,
PROTEASE,,
PROTEASE_(PLANT_ORIGIN),,
PROTEINS,,
PROTEIN_C,,
PROTEIN_S,,
PROTEIN_TESTS,,
PROTHROMBIN,,
PROTIRELIN,,
PROTRIPTYLINE,,
PROXYMETACAINE,,
PRUCALOPRIDE,,
PRUNUS_AMYGDALUS_(AMARA),,
PRUNUS_AMYGDALUS_(DULCIS),,
PRUNUS_DOMESTICA,,
PRUNUS_LAUROCERASUS,,
PSEUDOEPHEDRINE,,
PSEUDOGNAPHALIUM_OBTUSIFOLIUM,,
PSIDIUM_GUAJAVA,,
PTYCHOPETALUM_OLACOIDES,,
PUERARIA,,
PULSATILLA_PRATENSIS,,
PUMICE,,
PUNICA_GRANATUM,,
PURGATIVE/LAXATIVE,,
PYGEUM_AFRICANUM,,
PYRANTEL,,
PYRAZINAMIDE,,
PYRETHRINS,,
PYRIDOSTIGMINE,,
PYRIDOXAL,,
PYRIDOXAL_5-PHOSPHATE,,
PYRIDOXINE,,
PYRIMETHAMINE,,
PYRITHIONE_ZINC,,
PYROXYLIN,,
PYRUVIC_ACID,,
QUAZEPAM,,
QUERCETIN,,
QUERCUS_ALBA,,
QUERCUS_ROBUR,,
QUETIAPINE,,
QUINAPRIL,,
QUINIDINE,,
QUININE,,
QUINUPRISTIN,,
RABEPRAZOLE,,
RACEPHEDRINE,,
RACEPINEFRINE,,
RADIUM_RA-223,,
RALOXIFENE,,
RALTEGRAVIR,,
RAMELTEON,,
RAMIPRIL,,
RAMUCIRUMAB,,
RANIBIZUMAB,,
RANITIDINE,,
RANITIDINE_BISMUTH_CITRATE,,
RANOLAZINE,,
RANUNCULUS_BULBOSUS,,
RAPACURONIUM,,
RAPHANUS_SATIVUS,,
RASAGILINE,,
RASBURICASE,,
RAUWOLFIA_SERPENTINA,,
RAVULIZUMAB,,
REGADENOSON,,
REGORAFENIB,,
REMIFENTANIL,,
RENNIN,,
REPAGLINIDE,,
RESERPINE,,
RESLIZUMAB,,
RESORCINOL,,
RESORCINOL_ACETATE,,
RESVERATROL,,
RETAPAMULIN,,
RETEPLASE,,
RETIGABINE,,
RETINOL,,
REVEFENACIN,,
RHAMNUS_CALIFORNICA,,
RHAMNUS_CATHARTICUS,,
RHAMNUS_PURSHIANA,,
RHEUM_OFFICINALE,,
RHODIOLA_ROSEA,,
RIBAVIRIN,,
RIBES_NIGRUM,,
RIBOCICLIB,,
RIBOFLAVIN,,
RIBOSE,,
RICINOLEIC_ACID,,
RICINUS_COMMUNIS,,
RIFABUTIN,,
RIFAMPICIN,,
RIFAPENTINE,,
RIFAXIMIN,,
RILONACEPT,,
RILPIVIRINE,,
RILUZOLE,,
RIMANTADINE,,
RIMEXOLONE,,
RIOCIGUAT,,
RISEDRONIC_ACID,,
RISPERIDONE,,
RITODRINE,,
RITONAVIR,,
RITUXIMAB,,
RIVAROXABAN,,
RIVASTIGMINE,,
RIZATRIPTAN,,
ROCURONIUM_BROMIDE,,
ROFECOXIB,,
ROFLUMILAST,,
ROLAPITANT,,
ROMIDEPSIN,,
ROMIPLOSTIM,,
ROPINIROLE,,
ROPIVACAINE,,
ROSANILINE,,
ROSA_CANINA,,
ROSE_BENGAL,,
ROSIGLITAZONE,,
ROSMARINUS_OFFICINALIS,,
ROSUVASTATIN,,
ROTIGOTINE,,
ROYAL_JELLY,,
RUBUS_FRUTICOSUS,,
RUBUS_IDAEUS,,
RUCAPARIB,,
RUFINAMIDE,,
RUMEX_ACETOSA,,
RUMEX_CRISPUS,,
RURIOCTOCOG_ALFA_PEGOL,,
RUTA_GRAVEOLENS,,
RUTOSIDE,,
RUXOLITINIB,,
SACCHARIN,,
SACCHAROMYCES_BOULARDII,,
SACCHAROMYCES_CEREVISIAE,,
SACROSIDASE,,
SACUBITRIL,,
SAFINAMIDE,,
SALBUTAMOL,,
SALCAPROZIC_ACID,,
SALCATONIN,,
SALICYLAMIDE,,
SALICYLANILIDE,,
SALICYLIC_ACID,,
SALIX_ALBA,,
SALIX_MATSUDANA,,
SALMETEROL,,
SALMON,,
SALSALATE,,
SALVIA_OFFICINALIS,,
SALVIA_SCLAREA,,
SAMARIUM_(153SM)_LEXIDRONAM,,
SAMARIUM_(153_SM)_LEXIDRONAM,,
SAMBUCUS_NIGRA,,
SANGUINARIA_CANADENSIS,,
SAPROPTERIN,,
SAQUINAVIR,,
SARECYCLINE,,
SARGRAMOSTIM,,
SARILUMAB,,
SARRACENIA_PURPUREA,,
SASSAFRAS_OFFICINALE,,
SAXAGLIPTIN,,
SCARLET_RED,,
SCHISANDRA_CHINENSIS,,
SCHIZANDRA,,
SCHIZOCHYTRIUM,,
SCHIZONEPETA,,
SCHOENOCAULON_OFFICINALIS,,
SCOPOLAMINE,,
SCOPOLAMINE_BUTYL_HYDROXIDE,,
SCOPOLAMINE_METHYL_HYDROXIDE,,
SCROPHULARIA_NODOSA,,
SCUTELLARIA,,
SEA_SALT,,
SEA_WATER,,
SEBELIPASE_ALFA,,
SECBUTABARBITAL,,
SECNIDAZOLE,,
SECOBARBITAL,,
SECRETIN,,
SECUKINUMAB,,
SELEGILINE,,
SELENIC_ACID,,
SELENIOUS_ACID,,
SELENIUM,,
SELENOMETHIONINE,,
SELENOMETHIONINE_(75SE),,
SELEXIPAG,,
SELINUM_MONNIERI,,
SEMAGLUTIDE,,
SENNA,,
SENNOSIDES_A&B,,
SEPIA_OFFICINALIS,,
SERENOA_REPENS,,
SERINE,,
SERMORELIN,,
SEROTONIN,,
SERTACONAZOLE,,
SERTRALINE,,
SESAMUM_ORIENTALE,,
SEVELAMER,,
SEVOFLURANE,,
SHARK_CARTILAGE,,
SIAM_BENZOIN,,
SIBUTRAMINE,,
SILDENAFIL,,
SILICONE_OIL,,
SILICON_DIOXIDE,,
SILODOSIN,,
SILTUXIMAB,,
SILVER,,
SILYBUM_MARIANUM,,
SIMEPREVIR,,
SIMETICONE,,
SIMOCTOCOG_ALFA,,
SIMVASTATIN,,
SINCALIDE,,
SINECATECHINS,,
SIPULEUCEL-T,,
SIROLIMUS,,
SITAGLIPTIN,,
SKIN_LOTION,,
SKIN_TESTS,,
SLIMMING_PREPARATIONS,,
SMILAX_MEDICA,,
SODIUM,,
SODIUM_AMIDOTRIZOATE,,
SODIUM_OXYBATE,,
SOFOSBUVIR,,
SOFT_LENS_SOLUTIONS,,
SOFT_SOAP,,
SOLIDAGO_VIRGAUREA,,
SOLIFENACIN,,
SOMATREM,,
SOMATROPIN,,
SONIDEGIB,,
SORAFENIB,,
SORBIC_ACID,,
SORBINICATE,,
SORBITAN,,
SORBITAN_OLEATE,,
SORBITOL,,
SOTALOL,,
SOYA_ISOFLAVONES,,
SOYA_LECITHIN,,
SPARFLOXACIN,,
SPECIAL_DIET_PREPARATIONS,,
SPECTINOMYCIN,,
SPIGELIA_ANTHELMIA,,
SPINOSAD,,
SPIRONOLACTONE,,
SPIRULINA,,
SQUALANE,,
SQUALENE,,
SQUALUS_CARCHORIOUS,,
SQUARIC_ACID_DIBUTYL_ESTER,,
STANOZOLOL,,
STARCH,,
STAVUDINE,,
STEARIC_ACID,,
STEARIN,,
STELLARIA_MEDIA,,
STEPHANIA_SINICA,,
STERCULIA_GUM,,
STEVIA_REBAUDIANA,,
STEVIOSIDE,,
STIGMASTEROL,,
STOMACH,,
STREPTOCOCCUS_THERMOPHILUS,,
STREPTOKINASE,,
STREPTOMYCIN,,
STREPTONIAZID,,
STREPTOZOCIN,,
STRONTIUM,,
STRONTIUM_(SR89),,
STRYCHNOS_NUX-VOMICA,,
SUBTILISIN,,
SUCCIMER,,
SUCCINIC_ACID,,
SUCRALFATE,,
SUCRALOSE,,
SUCROFERRIC_OXYHYDROXIDE,,
SUCROSE,,
SUFENTANIL,,
SUGAMMADEX,,
SULBACTAM,,
SULCONAZOLE,,
SULFABENZAMIDE,,
SULFACETAMIDE,,
SULFADIAZINE,,
SULFADOXINE,,
SULFAFURAZOLE,,
SULFAMETHIZOLE,,
SULFAMETHOXAZOLE,,
SULFANILAMIDE,,
SULFAPYRIDINE,,
SULFASALAZINE,,
SULFATHIAZOLE,,
SULFINPYRAZONE,,
SULFOGAIACOL,,
SULFUR,,
SULFURIC_ACID,,
SULFUR_HEXAFLUORIDE,,
SULINDAC,,
SULPHAN_BLUE,,
SUMATRA_BENZOIN,,
SUMATRIPTAN,,
SUNITINIB,,
SUN_SCREEN_LOTIONS/CREAMS,,
SUN_TAN_LOTIONS/CREAMS,,
SUPROFEN,,
SUSOCTOCOG_ALFA,,
SUVOREXANT,,
SUXAMETHONIUM,,
SYMPHYTUM_OFFICINALE,,
SYNTHETIC_SPONGE,,
SYSTEMIC_ANALGESICS,,
SYZYGIUM_AROMATICUM,,
TACRINE,,
TACROLIMUS,,
TADALAFIL,,
TAFENOQUINE,,
TAFLUPROST,,
TAGRAXOFUSP,,
TALAZOPARIB,,
TALC,,
TALIGLUCERASE_ALFA,,
TALIMOGENE_LAHERPAREPVEC,,
TAMOXIFEN,,
TAMSULOSIN,,
TANACETUM_PARTHENIUM,,
TANNIC_ACID,,
TANNIN(S),,
TAPENTADOL,,
TAR,,
TARAXACUM_OFFICINALE,,
TARTARIC_ACID,,
TARTRAZINE,,
TASIMELTEON,,
TAURINE,,
TAUROCHOLIC_ACID,,
TAVABOROLE,,
TAZAROTENE,,
TAZOBACTAM,,
TEAR_TEST,,
TECHNETIUM_(99MTC)_APCITIDE,,
TECHNETIUM_(99MTC)_DEPREOTIDE,,
TEDIZOLID,,
TEDUGLUTIDE,,
TEGASEROD,,
TELAPREVIR,,
TELAVANCIN,,
TELBIVUDINE,,
TELITHROMYCIN,,
TELMESTEINE,,
TELMISARTAN,,
TELOTRISTAT_ETIPRATE,,
TEMAZEPAM,,
TEMOZOLOMIDE,,
TEMPORARY_FILLING,,
TEMSIROLIMUS,,
TENECTEPLASE,,
TENIPOSIDE,,
TENOFOVIR_ALAFENAMIDE,,
TENOFOVIR_DISOPROXIL,,
TERAZOSIN,,
TERBINAFINE,,
TERBUTALINE,,
TERCONAZOLE,,
TERFENADINE,,
TERIFLUNOMIDE,,
TERIPARATIDE,,
TERMINALIA_CHEBULA,,
TERPIN_HYDRATE,,
TESAMORELIN,,
TESTOLACTONE,,
TESTOSTERONE,,
TETANUS_TOXIN_NOSODE,,
TETRABENAZINE,,
TETRACAINE,,
TETRACOSACTIDE,,
TETRACYCLINE,,
TETRADECYL_SULFATE,,
TETRASTARCH,,
TETRYLAMMONIUM,,
TETRYZOLINE,,
TEUCRIUM_SCORODONIA,,
TEZACAFTOR,,
THALIDOMIDE,,
THEANINE,,
THEOBROMA_CACAO,,
THEOBROMA_GRANDIFLORUM,,
THEOBROMINE,,
THEOPHYLLINE,,
THIAMAZOLE,,
THIAMINE,,
THIETHYLPERAZINE,,
THIOCTIC_ACID,,
THIOMERSAL,,
THIOPENTAL,,
THIORIDAZINE,,
THIOTEPA,,
THONZYLAMINE,,
THREONINE,,
THROAT_LOZENGES,,
THROMBIN,,
THROMBIN_ALFA,,
THYMOL,,
THYROID_GLAND,,
THYROTROPIN_ALFA,,
TIABENDAZOLE,,
TIAGABINE,,
TICAGRELOR,,
TICARCILLIN,,
TICLOPIDINE,,
TIGECYCLINE,,
TILACTASE,,
TILDRAKIZUMAB,,
TILUDRONIC_ACID,,
TIMOLOL,,
TIN,,
TINIDAZOLE,,
TINOSPORA_CORDIFOLIA,,
TINZAPARIN,,
TIOCONAZOLE,,
TIOGUANINE,,
TIOPRONIN,,
TIOTIXENE,,
TIOTROPIUM_BROMIDE,,
TIPIRACIL,,
TIPRANAVIR,,
TIROFIBAN,,
TITANIUM,,
TIZANIDINE,,
TOBRAMYCIN,,
TOCAINIDE,,
TOCILIZUMAB,,
TOFACITINIB,,
TOILET_WATER,,
TOLAZAMIDE,,
TOLAZOLINE,,
TOLBUTAMIDE,,
TOLCAPONE,,
TOLMETIN,,
TOLNAFTATE,,
TOLTERODINE,,
TOLU_BALSAM,,
TOLVAPTAN,,
TONICS,,
TOOTHPASTES,,
TOPICAL_ANALGESICS,,
TOPICAL_ANTIPRURITIC,,
TOPICAL_DERMATOLOGICAL_ANTISEPTIC/DISINFECTANT,,
TOPIRAMATE,,
TOPOTECAN,,
TORASEMIDE,,
TOREMIFENE,,
TOSITUMOMAB,,
TOSITUMOMAB_IODINE-131,,
TOXICODENDRON_PUBESCENS,,
TOXICODENDRON_RADICANS,,
TRABECTEDIN,,
TRAMADOL,,
TRAMETES_VERSICOLOR,,
TRAMETINIB,,
TRANDOLAPRIL,,
TRANEXAMIC_ACID,,
TRANILAST,,
TRANYLCYPROMINE,,
TRASTUZUMAB,,
TRASTUZUMAB_EMTANSINE,,
TRAVOPROST,,
TRAZODONE,,
TREPROSTINIL,,
TRETINOIN,,
TRIACETIN,,
TRIAMCINOLONE,,
TRIAMCINOLONE_ACETONIDE,,
TRIAMCINOLONE_HEXACETONIDE,,
TRIAMTERENE,,
TRIAZOLAM,,
TRIBULUS_TERRESTRIS,,
TRICHLORMETHIAZIDE,,
TRICHLOROACETIC_ACID,,
TRICHLOROFLUORO-METHANE,,
TRICHOPHYTON,,
TRICLOCARBAN,,
TRICLOSAN,,
TRIENTINE,,
TRIFLUOPERAZINE,,
TRIFLUPROMAZINE,,
TRIFLURIDINE,,
TRIFOLIUM_PRATENSE,,
TRIGLYCERIDES,,
TRIGONELLA_FOENUM-GRAECUM,,
TRIHEXYPHENIDYL,,
TRILOSTANE,,
TRIMETHOBENZAMIDE,,
TRIMETHOPRIM,,
TRIMETREXATE,,
TRIMIPRAMINE,,
TRIOXYSALEN,,
TRIPELENNAMINE,,
TRIPROLIDINE,,
TRIPTORELIN,,
TRITICUM_VULGARE,,
TROGLITAZONE,,
TROLAMINE,,
TROLEANDOMYCIN,,
TROMETAMOL,,
TROPICAMIDE,,
TROSPIUM,,
TROVAFLOXACIN,,
TRYPAN_BLUE,,
TRYPSIN,,
TRYPTOPHAN,,
TUBERCULIN_TEST,,
TUBOCURARINE,,
TURNERA_DIFFUSA,,
TUROCTOCOG_ALFA,,
TURPENTINE_OIL,,
TYLOSIN,,
TYLOXAPOL,,
TYROPANOIC_ACID,,
TYROSINE,,
UBIDECARENONE,,
UBIQUINONE(S),,
ULIPRISTAL_ACETATE,,
ULMUS_FULVA,,
ULOBETASOL,,
UMECLIDINIUM_BROMIDE,,
UNCARIA_GAMBIER,,
UNCARIA_TOMENTOSA,,
UNDARIA_PINNATIFIDA,,
UNDECYLENIC_ACID,,
UNITHIOL,,
UNOPROSTONE_ISOPROPYL_ESTER,,
UREA,,
URIDINE_TRIACETATE,,
URIDINE_TRIPHOSPHATE,,
UROFOLLITROPIN,,
UROKINASE,,
URSODEOXYCHOLIC_ACID,,
URTICA_DIOICA,,
USTEKINUMAB,,
VABORBACTAM,,
VACCINE-MENINGOCOCCAL_AND_HAEMOPHILIUS_B_CONJUGATE,,
VACCINE-MENINGOCOCCAL_CONJUGATE,,
VACCINE-MENINGOCOCCAL_POLYSACCHARIDE,,
VACCINE-_ACEL.PERT.DIP.TET._POLIO_&_HIB,,
VACCINE-_ACELL.PERT.TET.&_DIP.,,
VACCINE-_ACELL.PERT.TET.DIP._&_POLIO,,
VACCINE-_BACILLUS_CALMETTE-GUERIN,,
VACCINE-_CHOLERA,,
VACCINE-_DIP.TET.&_PERT.,,
VACCINE-_DIP.TET.&_WCELL_PERTUSSIS.,,
VACCINE-_DIP.TET.PERT_&_HIB,,
VACCINE-_DIP.TET._WCELL_PERT_&_HIB,,
VACCINE-_DIPHTHERIA,,
VACCINE-_DIPHTHERIA_AND_TETANUS,,
VACCINE-_HAEMOPHILUS_B_CONJUGATE,,
VACCINE-_HEP.A_INACTIV._VIRUS,,
VACCINE-_HEPATITIS_B,,
VACCINE-_HEPATITIS_B_SURFACE_ANTIGEN,,
VACCINE-_HIB,,
VACCINE-_HUMAN_PAPILLOMAVIRUS_(HPV)_TYPE-16_&_18,,
VACCINE-_HUMAN_PAPILLOMAVIRUS_(HPV)_TYPE-6-11-16_&_18,,
VACCINE-_HUMAN_PAPILLOMAVIRUS_TYPE-6-11-16-18-31-33-45-52-58,,
VACCINE-_INFLUENZA,,
VACCINE-_JAPAN.ENCEPH.VIR.SA14-14-2,,
VACCINE-_LYME_DISEASE,,
VACCINE-_MEASLES,,
VACCINE-_MEASLES-MUMPS_AND_RUBELLA,,
VACCINE-_MEASLES_AND_RUBELLA,,
VACCINE-_MUMPS,,
VACCINE-_NEISSERIA_MENINGITIDIS_GROUP_B,,
VACCINE-_PNEUMOCOCCAL,,
VACCINE-_PNEUMOCOCCAL_CONJUGATE,,
VACCINE-_POLIOMYELITIS,,
VACCINE-_RABIES,,
VACCINE-_ROTAVIRUS,,
VACCINE-_RUBELLA,,
VACCINE-_RUBELLA_AND_MUMPS,,
VACCINE-_STAPHYLOCOCCAL,,
VACCINE-_TETANUS,,
VACCINE-_TYPHOID,,
VACCINE-_VARICELLA,,
VACCINE-_VARICELLA_ZOSTER,,
VACCINE-_YELLOW_FEVER_LIVE,,
VACCINIUM_AUGUSTIFOLIUM,,
VACCINIUM_MACROCARPON,,
VACCINIUM_MYRTILLUS,,
VACCINIUM_VITIS-IDAEA,,
VALACICLOVIR,,
VALBENAZINE,,
VALDECOXIB,,
VALERIANA_OFFICINALIS,,
VALGANCICLOVIR,,
VALINE,,
VALPROATE_SEMISODIUM,,
VALPROIC_ACID,,
VALRUBICIN,,
VALSARTAN,,
VANADIUM,,
VANCOMYCIN,,
VANDETANIB,,
VANILLIN,,
VARDENAFIL,,
VARENICLINE,,
VASOPRESSIN,,
VECURONIUM_BROMIDE,,
VEDOLIZUMAB,,
VEGETABLES_EXTRACTS,,
VEGETABLE_FIBRE,,
VEGETABLE_LAXATIVE,,
VEGETABLE_OIL,,
VELAGLUCERASE_ALFA,,
VELPATASVIR,,
VEMURAFENIB,,
VENETOCLAX,,
VENLAFAXINE,,
VERAPAMIL,,
VERBASCUM_THAPSUS,,
VERBENA_OFFICINALIS,,
VERONICA_OFFICINALIS,,
VERTEPORFIN,,
VESTRONIDASE_ALFA,,
VIBURNUM_OPULUM,,
VIDARABINE,,
VIGABATRIN,,
VILANTEROL,,
VILAZODONE,,
VINBLASTINE,,
VINCRISTINE,,
VINORELBINE,,
VINPOCETINE,,
VIOLA_ODORATA,,
VISCUM_ALBUM,,
VISMODEGIB,,
VITAMIN_B_COMPLEX,,
VITAMIN_E,,
VITAMIN_F,,
VITAMIN_K,,
VITEX_AGNUS-CASTUS,,
VITIS_VINIFERA,,
VONICOG_ALFA,,
VORAPAXAR,,
VORETIGENE_NEPARVOVEC,,
VORHYALURONIDASE_ALFA,,
VORICONAZOLE,,
VORINOSTAT,,
VORTIOXETINE,,
VOXILAPREVIR,,
WARFARIN,,
WASABIA_JAPONICA,,
WATER,,
WATER_FOR_INJECTION/INFUSION,,
WATER_FOR_IRRIGATION,,
WHITE_BEESWAX,,
WITHANIA_COAGULENS,,
WITHANIA_SOMNIFERA,,
WOLFIPORIA_EXTENSA,,
WOOL_ALCOHOLS,,
WOOL_FAT,,
WOUND_CLENSING_AGENT,,
WOUND_HEALING_AGENTS,,
WOUND_PROTECTIVES,,
XANTHAN_GUM,,
XANTINOL_NICOTINATE,,
XANTOFYL,,
XYLANASE,,
XYLITOL,,
XYLOMETAZOLINE,,
XYLOSE,,
YELLOW_BEESWAX,,
YOHIMBINE,,
YUCCA,,
ZAFIRLUKAST,,
ZALCITABINE,,
ZALEPLON,,
ZANAMIVIR,,
ZEAXANTHIN,,
ZEA_MAIS,,
ZICONOTIDE,,
ZIDOVUDINE,,
ZILEUTON,,
ZINC,,
ZINGIBER_OFFICINALE,,
ZIPRASIDONE,,
ZIRCONIUM,,
ZIRCONIUM_CYCLOSILICATE,,
ZIZYPHUS_JUJUBA,,
ZOLEDRONIC_ACID,,
ZOLMITRIPTAN,,
ZOLPIDEM,,
ZONISAMIDE,,
